{
    "name": "root",
    "gauges": {
        "CarBehavior.Policy.Entropy.mean": {
            "value": 0.4894368052482605,
            "min": 0.2902706265449524,
            "max": 0.4894368052482605,
            "count": 2
        },
        "CarBehavior.Policy.Entropy.sum": {
            "value": 4897.3046875,
            "min": 2904.73828125,
            "max": 4897.3046875,
            "count": 2
        },
        "CarBehavior.Environment.EpisodeLength.mean": {
            "value": 17.843691148775896,
            "min": 14.934713375796179,
            "max": 17.843691148775896,
            "count": 2
        },
        "CarBehavior.Environment.EpisodeLength.sum": {
            "value": 9475.0,
            "min": 9379.0,
            "max": 9475.0,
            "count": 2
        },
        "CarBehavior.Step.mean": {
            "value": 19994.0,
            "min": 9988.0,
            "max": 19994.0,
            "count": 2
        },
        "CarBehavior.Step.sum": {
            "value": 19994.0,
            "min": 9988.0,
            "max": 19994.0,
            "count": 2
        },
        "CarBehavior.Policy.ExtrinsicValueEstimate.mean": {
            "value": 2.1561102867126465,
            "min": -0.1089487299323082,
            "max": 2.1561102867126465,
            "count": 2
        },
        "CarBehavior.Policy.ExtrinsicValueEstimate.sum": {
            "value": 1144.89453125,
            "min": -68.31085205078125,
            "max": 1144.89453125,
            "count": 2
        },
        "CarBehavior.Environment.CumulativeReward.mean": {
            "value": 2.2655367231638417,
            "min": -0.46411483253588515,
            "max": 2.2655367231638417,
            "count": 2
        },
        "CarBehavior.Environment.CumulativeReward.sum": {
            "value": 1203.0,
            "min": -291.0,
            "max": 1203.0,
            "count": 2
        },
        "CarBehavior.Policy.ExtrinsicReward.mean": {
            "value": 2.2655367231638417,
            "min": -0.46411483253588515,
            "max": 2.2655367231638417,
            "count": 2
        },
        "CarBehavior.Policy.ExtrinsicReward.sum": {
            "value": 1203.0,
            "min": -291.0,
            "max": 1203.0,
            "count": 2
        },
        "CarBehavior.Losses.PolicyLoss.mean": {
            "value": 0.23502632354378825,
            "min": 0.23502632354378825,
            "max": 0.24490482533082364,
            "count": 2
        },
        "CarBehavior.Losses.PolicyLoss.sum": {
            "value": 20.682316471853365,
            "min": 20.682316471853365,
            "max": 22.28633910510495,
            "count": 2
        },
        "CarBehavior.Losses.ValueLoss.mean": {
            "value": 1.772138632014464,
            "min": 1.772138632014464,
            "max": 4.403839884028261,
            "count": 2
        },
        "CarBehavior.Losses.ValueLoss.sum": {
            "value": 155.94819961727285,
            "min": 155.94819961727285,
            "max": 400.74942944657175,
            "count": 2
        },
        "CarBehavior.Policy.LearningRate.mean": {
            "value": 0.00029101449163153407,
            "min": 0.00029101449163153407,
            "max": 0.00029700184715323073,
            "count": 2
        },
        "CarBehavior.Policy.LearningRate.sum": {
            "value": 0.025609275263574996,
            "min": 0.025609275263574996,
            "max": 0.027027168090943996,
            "count": 2
        },
        "CarBehavior.Policy.Epsilon.mean": {
            "value": 0.19700482954545456,
            "min": 0.19700482954545456,
            "max": 0.19900061538461541,
            "count": 2
        },
        "CarBehavior.Policy.Epsilon.sum": {
            "value": 17.336425000000002,
            "min": 17.336425000000002,
            "max": 18.109056000000002,
            "count": 2
        },
        "CarBehavior.Policy.Beta.mean": {
            "value": 0.0005000000000000001,
            "min": 0.0005000000000000001,
            "max": 0.0005000000000000001,
            "count": 2
        },
        "CarBehavior.Policy.Beta.sum": {
            "value": 0.04400000000000001,
            "min": 0.04400000000000001,
            "max": 0.04550000000000001,
            "count": 2
        },
        "CarBehavior.IsTraining.mean": {
            "value": 1.0,
            "min": 1.0,
            "max": 1.0,
            "count": 2
        },
        "CarBehavior.IsTraining.sum": {
            "value": 1.0,
            "min": 1.0,
            "max": 1.0,
            "count": 2
        }
    },
    "metadata": {
        "timer_format_version": "0.1.0",
        "start_time_seconds": "1709808484",
        "python_version": "3.10.11 | packaged by Anaconda, Inc. | (main, May 16 2023, 00:55:32) [MSC v.1916 64 bit (AMD64)]",
        "command_line_arguments": "C:\\Users\\ciro_\\anaconda3\\envs\\mlagents\\Scripts\\mlagents-learn config\\moveToGoal.yaml --initialize-from=testRanParkFixCar --run-id=prova --force",
        "mlagents_version": "1.0.0",
        "mlagents_envs_version": "1.0.0",
        "communication_protocol_version": "1.5.0",
        "pytorch_version": "1.13.1+cu117",
        "numpy_version": "1.23.1",
        "end_time_seconds": "1709808930"
    },
    "total": 446.10847300000023,
    "count": 1,
    "self": 0.009773100027814507,
    "children": {
        "run_training.setup": {
            "total": 0.13109269994311035,
            "count": 1,
            "self": 0.13109269994311035
        },
        "TrainerController.start_learning": {
            "total": 445.9676072000293,
            "count": 1,
            "self": 0.5701652966672555,
            "children": {
                "TrainerController._reset_env": {
                    "total": 12.083864900050685,
                    "count": 1,
                    "self": 12.083864900050685
                },
                "TrainerController.advance": {
                    "total": 433.0394435033668,
                    "count": 24617,
                    "self": 0.4968684146879241,
                    "children": {
                        "env_step": {
                            "total": 290.4288057968952,
                            "count": 24617,
                            "self": 170.9264385862043,
                            "children": {
                                "SubprocessEnvManager._take_step": {
                                    "total": 119.14893969742116,
                                    "count": 24617,
                                    "self": 1.5527085893554613,
                                    "children": {
                                        "TorchPolicy.evaluate": {
                                            "total": 117.5962311080657,
                                            "count": 23527,
                                            "self": 117.5962311080657
                                        }
                                    }
                                },
                                "workers": {
                                    "total": 0.35342751326970756,
                                    "count": 24616,
                                    "self": 0.0,
                                    "children": {
                                        "worker_root": {
                                            "total": 430.4312294994015,
                                            "count": 24616,
                                            "is_parallel": true,
                                            "self": 289.81340858666226,
                                            "children": {
                                                "steps_from_proto": {
                                                    "total": 0.0009343000128865242,
                                                    "count": 1,
                                                    "is_parallel": true,