{
    "name": "root",
    "metadata": {
        "timer_format_version": "0.1.0",
        "start_time_seconds": "1707394404",
        "python_version": "3.10.11 | packaged by Anaconda, Inc. | (main, May 16 2023, 00:55:32) [MSC v.1916 64 bit (AMD64)]",
        "command_line_arguments": "C:\\Users\\ciro_\\anaconda3\\envs\\mlagents\\Scripts\\mlagents-learn C:\\Users\\ciro_\\Desktop\\IV\\ProgettoIV\\Parking-IV\\config\\park.yaml --run-id=tpark --quality-level=0 --force --time-scale=1",
        "mlagents_version": "1.0.0",
        "mlagents_envs_version": "1.0.0",
        "communication_protocol_version": "1.5.0",
        "pytorch_version": "1.13.1+cu117",
        "numpy_version": "1.23.1",
        "end_time_seconds": "1707395005"
    },
    "total": 600.0833218000007,
    "count": 1,
    "self": 0.011678299999402952,
    "children": {
        "run_training.setup": {
            "total": 0.08505700000023353,
            "count": 1,
            "self": 0.08505700000023353
        },
        "TrainerController.start_learning": {
            "total": 599.9865865000011,
            "count": 1,
            "self": 0.8945253999318084,
            "children": {
                "TrainerController._reset_env": {
                    "total": 19.947579399999086,
                    "count": 1,
                    "self": 8.425252499997441,
                    "children": {
                        "demo_to_buffer": {
                            "total": 11.522326900001644,
                            "count": 2,
                            "self": 0.00036699999873235356,
                            "children": {
                                "load_demonstration": {
                                    "total": 0.2681042000021989,
                                    "count": 2,
                                    "self": 0.26382160000139265,
                                    "children": {
                                        "read_file": {
                                            "total": 0.004282600000806269,
                                            "count": 2,
                                            "self": 0.004282600000806269
                                        }
                                    }
                                },
                                "make_demo_buffer": {
                                    "total": 11.253855700000713,
                                    "count": 2,
                                    "self": 2.064094599985765,
                                    "children": {
                                        "steps_from_proto": {
                                            "total": 9.189761100014948,
                                            "count": 89988,
                                            "self": 4.4122972997520264,
                                            "children": {
                                                "_process_rank_one_or_two_observation": {
                                                    "total": 4.777463800262922,
                                                    "count": 359952,
                                                    "self": 4.777463800262922
                                                }
                                            }
                                        }
                                    }
                                }
                            }
                        }
                    }
                },
                "TrainerController.advance": {
                    "total": 579.0416148000695,
                    "count": 34633,
                    "self": 0.3850477000178216,
                    "children": {
                        "env_step": {
                            "total": 578.6565671000517,
                            "count": 34633,
                            "self": 416.7422916999876,
                            "children": {
                                "SubprocessEnvManager._take_step": {
                                    "total": 161.46264009998413,
                                    "count": 34633,
                                    "self": 2.089199600068241,
                                    "children": {
                                        "TorchPolicy.evaluate": {
                                            "total": 159.3734404999159,
                                            "count": 34633,
                                            "self": 159.3734404999159
                                        }
                                    }
                                },
                                "workers": {
                                    "total": 0.4516353000799427,
                                    "count": 34632,
                                    "self": 0.0,
                                    "children": {
                                        "worker_root": {
                                            "total": 528.3682512000305,
                                            "count": 34632,
                                            "is_parallel": true,
                                            "self": 237.22078029998193,
                                            "children": {
                                                "steps_from_proto": {
                                                    "total": 0.0005340000006981427,
                                                    "count": 1,
                                                    "is_parallel": true,
                                                    "self": 0.0001745000026858179,
                                                    "children": {
                                                        "_process_rank_one_or_two_observation": {
                                                            "total": 0.0003594999980123248,
                                                            "count": 4,
                                                            "is_parallel": true,
                                                            "self": 0.0003594999980123248
                                                        }
                                                    }
                                                },
                                                "UnityEnvironment.step": {
                                                    "total": 291.1469369000479,
                                                    "count": 34632,
                                                    "is_parallel": true,
                                                    "self": 4.3813005002448335,
                                                    "children": {
                                                        "UnityEnvironment._generate_step_input": {
                                                            "total": 4.514737899828106,
                                                            "count": 34632,
                                                            "is_parallel": true,
                                                            "self": 4.514737899828106
                                                        },
                                                        "communicator.exchange": {
                                                            "total": 271.16038769989245,
                                                            "count": 34632,
                                                            "is_parallel": true,
                                                            "self": 271.16038769989245
                                                        },
                                                        "steps_from_proto": {
                                                            "total": 11.090510800082484,
                                                            "count": 34632,