{
    "name": "root",
    "gauges": {
        "CarBehavior.Policy.Entropy.mean": {
            "value": 0.7437031865119934,
            "min": 0.7326464056968689,
            "max": 1.3600642681121826,
            "count": 48
        },
        "CarBehavior.Policy.Entropy.sum": {
            "value": 74474.4375,
            "min": 73308.6015625,
            "max": 137033.28125,
            "count": 48
        },
        "CarBehavior.Step.mean": {
            "value": 4799862.0,
            "min": 99970.0,
            "max": 4799862.0,
            "count": 48
        },
        "CarBehavior.Step.sum": {
            "value": 4799862.0,
            "min": 99970.0,
            "max": 4799862.0,
            "count": 48
        },
        "CarBehavior.Policy.ExtrinsicValueEstimate.mean": {
            "value": 1.0350455045700073,
            "min": 0.13014470040798187,
            "max": 1.1390024423599243,
            "count": 48
        },
        "CarBehavior.Policy.ExtrinsicValueEstimate.sum": {
            "value": 996.748779296875,
            "min": 59.736419677734375,
            "max": 1020.546142578125,
            "count": 48
        },
        "CarBehavior.Policy.GailValueEstimate.mean": {
            "value": 1.6447837352752686,
            "min": 1.5160694122314453,
            "max": 5.703174114227295,
            "count": 48
        },
        "CarBehavior.Policy.GailValueEstimate.sum": {
            "value": 1583.9267578125,
            "min": 1301.7750244140625,
            "max": 2989.7900390625,
            "count": 48
        },
        "CarBehavior.Environment.EpisodeLength.mean": {
            "value": 117.15976331360947,
            "min": 116.67882352941176,
            "max": 580.53216374269,
            "count": 48
        },
        "CarBehavior.Environment.EpisodeLength.sum": {
            "value": 99000.0,
            "min": 98284.0,
            "max": 100218.0,
            "count": 48
        },
        "CarBehavior.Environment.CumulativeReward.mean": {
            "value": 4.216486063041949,
            "min": 2.629336852139071,
            "max": 4.5938628938487955,
            "count": 48
        },
        "CarBehavior.Environment.CumulativeReward.sum": {
            "value": 3567.1472093334887,
            "min": 449.61660171578114,
            "max": 3574.025331414363,
            "count": 48
        },
        "CarBehavior.Policy.ExtrinsicReward.mean": {
            "value": 4.174321074887227,
            "min": 2.6030433745973074,
            "max": 4.547924095089009,
            "count": 48
        },
        "CarBehavior.Policy.ExtrinsicReward.sum": {
            "value": 3531.4756293545943,
            "min": 445.12041705613956,
            "max": 3538.2849459792487,
            "count": 48
        },
        "CarBehavior.Policy.GailReward.mean": {
            "value": 3.8265365230463946,
            "min": 3.613868189208023,
            "max": 51.59322868321637,
            "count": 48
        },
        "CarBehavior.Policy.GailReward.sum": {
            "value": 3237.24989849725,
            "min": 2359.855927552839,
            "max": 8822.44210483,
            "count": 48
        },
        "CarBehavior.Losses.PolicyLoss.mean": {
            "value": 0.02293676719118498,
            "min": 0.020713212815064348,
            "max": 0.0246479742238298,
            "count": 48
        },
        "CarBehavior.Losses.PolicyLoss.sum": {
            "value": 0.43579857663251464,
            "min": 0.3935510434862226,
            "max": 0.49295948447659604,
            "count": 48
        },
        "CarBehavior.Losses.ValueLoss.mean": {
            "value": 0.15172060866300996,
            "min": 0.035777025202289224,
            "max": 1.6805293780703237,
            "count": 48
        },
        "CarBehavior.Losses.ValueLoss.sum": {
            "value": 2.8826915645971893,
            "min": 0.7155405040457845,
            "max": 30.249528805265825,
            "count": 48
        },
        "CarBehavior.Policy.LearningRate.mean": {
            "value": 0.0003167547532881183,
            "min": 0.0003167547532881183,
            "max": 0.0003496371877703273,
            "count": 48
        },
        "CarBehavior.Policy.LearningRate.sum": {
            "value": 0.0060183403124742475,
            "min": 0.0060183403124742475,
            "max": 0.006951005340998479,
            "count": 48
        },
        "CarBehavior.Policy.Epsilon.mean": {
            "value": 0.28100271073684213,
            "min": 0.28100271073684213,
            "max": 0.2997926786666667,
            "count": 48
        },
        "CarBehavior.Policy.Epsilon.sum": {
            "value": 5.339051504,
            "min": 5.339051504,
            "max": 5.972003043999999,
            "count": 48
        },
        "CarBehavior.Policy.Beta.mean": {
            "value": 0.002263483748673684,
            "min": 0.002263483748673684,
            "max": 0.0024974188494000004,
            "count": 48
        },
        "CarBehavior.Policy.Beta.sum": {
            "value": 0.0430061912248,
            "min": 0.0430061912248,
            "max": 0.049651437897799994,
            "count": 48
        },
        "CarBehavior.Policy.GAILPolicyEstimate.mean": {
            "value": 0.06947947221366983,
            "min": 0.05540977447852492,
            "max": 0.1437224012299588,
            "count": 48
        },
        "CarBehavior.Policy.GAILPolicyEstimate.sum": {
            "value": 1.3201099720597267,
            "min": 1.1081954895704984,
            "max": 2.730725623369217,
            "count": 48
        },
        "CarBehavior.Policy.GAILExpertEstimate.mean": {
            "value": 0.9287830354038039,
            "min": 0.7315510121760546,
            "max": 0.9488120750188829,
            "count": 48
        },
        "CarBehavior.Policy.GAILExpertEstimate.sum": {
            "value": 17.646877672672275,
            "min": 13.167918219168982,
            "max": 18.976241500377657,
            "count": 48
        },
        "CarBehavior.Losses.GAILLoss.mean": {
            "value": 0.17589779613833678,
            "min": 0.13035914307832716,
            "max": 0.5835155813451167,
            "count": 48
        },
        "CarBehavior.Losses.GAILLoss.sum": {
            "value": 3.3420581266283986,
            "min": 2.6071828615665433,
            "max": 10.5032804642121,
            "count": 48
        },
        "CarBehavior.Policy.GAILGradMagLoss.mean": {
            "value": 0.045577615236765456,
            "min": 0.045577615236765456,
            "max": 2.992650374681861,
            "count": 48
        },
        "CarBehavior.Policy.GAILGradMagLoss.sum": {
            "value": 0.8659746894985437,
            "min": 0.8659746894985437,
            "max": 53.8677067442735,
            "count": 48
        },
        "CarBehavior.Losses.PretrainingLoss.mean": {
            "value": 0.0,
            "min": 0.0,
            "max": 0.9419580547162045,
            "count": 48
        },
        "CarBehavior.Losses.PretrainingLoss.sum": {
            "value": 0.0,
            "min": 0.0,
            "max": 16.95524498489168,
            "count": 48
        },
        "CarBehavior.IsTraining.mean": {
            "value": 1.0,
            "min": 1.0,
            "max": 1.0,
            "count": 48
        },
        "CarBehavior.IsTraining.sum": {
            "value": 1.0,
            "min": 1.0,
            "max": 1.0,
            "count": 48
        }
    },
    "metadata": {
        "timer_format_version": "0.1.0",
        "start_time_seconds": "1707483246",
        "python_version": "3.10.11 | packaged by Anaconda, Inc. | (main, May 16 2023, 00:55:32) [MSC v.1916 64 bit (AMD64)]",
        "command_line_arguments": "C:\\Users\\ciro_\\anaconda3\\envs\\mlagents\\Scripts\\mlagents-learn C:\\Users\\ciro_\\Desktop\\IV\\ProgettoIV\\Parking-IV\\config\\park.yaml --run-id=scena1 --quality-level=0 --time-scale=2 --force",