{
    "name": "root",
    "gauges": {
        "CarBehavior.Policy.Entropy.mean": {
            "value": 1.480819582939148,
            "min": 1.4555572271347046,
            "max": 2.9072515964508057,
            "count": 9
        },
        "CarBehavior.Policy.Entropy.sum": {
            "value": 14837.8125,
            "min": 14471.1494140625,
            "max": 29601.63671875,
            "count": 9
        },
        "CarBehavior.Step.mean": {
            "value": 89995.0,
            "min": 9991.0,
            "max": 89995.0,
            "count": 9
        },
        "CarBehavior.Step.sum": {
            "value": 89995.0,
            "min": 9991.0,
            "max": 89995.0,
            "count": 9
        },
        "CarBehavior.Policy.ExtrinsicValueEstimate.mean": {
            "value": 0.8443911671638489,
            "min": 0.4876813292503357,
            "max": 0.8492850065231323,
            "count": 9
        },
        "CarBehavior.Policy.ExtrinsicValueEstimate.sum": {
            "value": 244.87344360351562,
            "min": 112.65438842773438,
            "max": 246.2926483154297,
            "count": 9
        },
        "CarBehavior.Losses.PolicyLoss.mean": {
            "value": 0.2446208518599348,
            "min": 0.2366919669014908,
            "max": 0.24911753275388712,
            "count": 9
        },
        "CarBehavior.Losses.PolicyLoss.sum": {
            "value": 18.835805593214978,
            "min": 18.27358980948474,
            "max": 21.669941558118186,
            "count": 9
        },
        "CarBehavior.Losses.ValueLoss.mean": {
            "value": 0.009455320940188588,
            "min": 0.000152615227111646,
            "max": 0.0723047323205397,
            "count": 9
        },
        "CarBehavior.Losses.ValueLoss.sum": {
            "value": 0.7280597123945213,
            "min": 0.011598757260485095,
            "max": 5.422854924040478,
            "count": 9
        },
        "CarBehavior.Policy.LearningRate.mean": {
            "value": 0.0002490040221934701,
            "min": 0.0002490040221934701,
            "max": 0.00029693371302209594,
            "count": 9
        },
        "CarBehavior.Policy.LearningRate.sum": {
            "value": 0.019173309708897197,
            "min": 0.019173309708897197,
            "max": 0.026185080871639798,
            "count": 9
        },
        "CarBehavior.Policy.Epsilon.mean": {
            "value": 0.1830013350649351,
            "min": 0.1830013350649351,
            "max": 0.198977904,
            "count": 9
        },
        "CarBehavior.Policy.Epsilon.sum": {
            "value": 14.091102800000003,
            "min": 14.059324400000001,
            "max": 17.728360200000004,
            "count": 9
        },
        "CarBehavior.Policy.Beta.mean": {
            "value": 0.0005000000000000001,
            "min": 0.0005000000000000001,
            "max": 0.0005000000000000001,
            "count": 9
        },
        "CarBehavior.Policy.Beta.sum": {
            "value": 0.038500000000000006,
            "min": 0.037500000000000006,
            "max": 0.04500000000000001,
            "count": 9
        },
        "CarBehavior.Environment.EpisodeLength.mean": {
            "value": 33.48965517241379,
            "min": 33.45172413793104,
            "max": 50.12244897959184,
            "count": 9
        },
        "CarBehavior.Environment.EpisodeLength.sum": {
            "value": 9712.0,
            "min": 9695.0,
            "max": 9824.0,
            "count": 9
        },
        "CarBehavior.Environment.CumulativeReward.mean": {
            "value": 0.9793103448275862,
            "min": 0.9384615384615385,
            "max": 1.0,
            "count": 9
        },
        "CarBehavior.Environment.CumulativeReward.sum": {
            "value": 284.0,
            "min": 183.0,
            "max": 290.0,
            "count": 9
        },
        "CarBehavior.Policy.ExtrinsicReward.mean": {
            "value": 0.9793103448275862,
            "min": 0.9384615384615385,
            "max": 1.0,
            "count": 9
        },
        "CarBehavior.Policy.ExtrinsicReward.sum": {
            "value": 284.0,
            "min": 183.0,
            "max": 290.0,
            "count": 9
        },
        "CarBehavior.IsTraining.mean": {
            "value": 1.0,
            "min": 1.0,
            "max": 1.0,
            "count": 9
        },
        "CarBehavior.IsTraining.sum": {
            "value": 1.0,
            "min": 1.0,
            "max": 1.0,
            "count": 9
        }
    },
    "metadata": {
        "timer_format_version": "0.1.0",
        "start_time_seconds": "1707757945",
        "python_version": "3.10.11 | packaged by Anaconda, Inc. | (main, May 16 2023, 00:55:32) [MSC v.1916 64 bit (AMD64)]",
        "command_line_arguments": "C:\\Users\\ciro_\\anaconda3\\envs\\mlagents\\Scripts\\mlagents-learn config\\moveToGoal.yaml --force --run-id=testConfig",
        "mlagents_version": "1.0.0",
        "mlagents_envs_version": "1.0.0",
        "communication_protocol_version": "1.5.0",
        "pytorch_version": "1.13.1+cu117",
        "numpy_version": "1.23.1",
        "end_time_seconds": "1707758556"
    },
    "total": 611.1417221000011,
    "count": 1,
    "self": 0.005716400000892463,
    "children": {
        "run_training.setup": {
            "total": 0.08917999999903259,
            "count": 1,
            "self": 0.08917999999903259
        },
        "TrainerController.start_learning": {
            "total": 611.0468257000011,
            "count": 1,
            "self": 0.2750394998674892,
            "children": {
                "TrainerController._reset_env": {
                    "total": 7.861740899999859,
                    "count": 1,
                    "self": 7.861740899999859
                },
                "TrainerController.advance": {
                    "total": 602.8025173001333,
                    "count": 16517,
                    "self": 0.2389654002890893,
                    "children": {
                        "env_step": {
                            "total": 126.21567929986486,
                            "count": 16517,
                            "self": 68.56421879988193,
                            "children": {
                                "SubprocessEnvManager._take_step": {
                                    "total": 57.49183999997149,
                                    "count": 16517,
                                    "self": 0.7659498999364587,
                                    "children": {
                                        "TorchPolicy.evaluate": {
                                            "total": 56.72589010003503,
                                            "count": 16517,
                                            "self": 56.72589010003503
                                        }
                                    }
                                },
                                "workers": {
                                    "total": 0.15962050001144235,
                                    "count": 16516,
                                    "self": 0.0,
                                    "children": {
                                        "worker_root": {
                                            "total": 585.3850985000154,
                                            "count": 16516,
                                            "is_parallel": true,
                                            "self": 549.1007328000487,
                                            "children": {
                                                "steps_from_proto": {
                                                    "total": 0.00038050000148359686,
                                                    "count": 1,
                                                    "is_parallel": true,
                                                    "self": 0.00017380000099365134,