{
    "name": "root",
    "gauges": {
        "CarBehavior.Policy.Entropy.mean": {
            "value": 1.4148283004760742,
            "min": 1.4123462438583374,
            "max": 1.420225977897644,
            "count": 10
        },
        "CarBehavior.Policy.Entropy.sum": {
            "value": 70656.5234375,
            "min": 70656.5234375,
            "max": 71110.5546875,
            "count": 10
        },
        "CarBehavior.Step.mean": {
            "value": 499959.0,
            "min": 49954.0,
            "max": 499959.0,
            "count": 10
        },
        "CarBehavior.Step.sum": {
            "value": 499959.0,
            "min": 49954.0,
            "max": 499959.0,
            "count": 10
        },
        "CarBehavior.Policy.ExtrinsicValueEstimate.mean": {
            "value": 0.03253709897398949,
            "min": -1.9759645462036133,
            "max": 0.8495617508888245,
            "count": 10
        },
        "CarBehavior.Policy.ExtrinsicValueEstimate.sum": {
            "value": 26.387588500976562,
            "min": -1634.1226806640625,
            "max": 688.14501953125,
            "count": 10
        },
        "CarBehavior.Environment.EpisodeLength.mean": {
            "value": 710.1857142857143,
            "min": 313.61875,
            "max": 755.8939393939394,
            "count": 10
        },
        "CarBehavior.Environment.EpisodeLength.sum": {
            "value": 49713.0,
            "min": 48249.0,
            "max": 50953.0,
            "count": 10
        },
        "CarBehavior.Environment.CumulativeReward.mean": {
            "value": 0.056798569254169706,
            "min": -0.4374418298257713,
            "max": 0.06513333125622012,
            "count": 10
        },
        "CarBehavior.Environment.CumulativeReward.sum": {
            "value": 3.9758998477918794,
            "min": -69.45610017851868,
            "max": 4.494199856679188,
            "count": 10
        },
        "CarBehavior.Policy.ExtrinsicReward.mean": {
            "value": 0.056798569254169706,
            "min": -0.4374418298257713,
            "max": 0.06513333125622012,
            "count": 10
        },
        "CarBehavior.Policy.ExtrinsicReward.sum": {
            "value": 3.9758998477918794,
            "min": -69.45610017851868,
            "max": 4.494199856679188,
            "count": 10
        },
        "CarBehavior.Losses.PolicyLoss.mean": {
            "value": 0.02291921578347683,
            "min": 0.019815236799574146,
            "max": 0.0244175341570129,
            "count": 10
        },
        "CarBehavior.Losses.PolicyLoss.sum": {
            "value": 0.11459607891738414,
            "min": 0.09078911676382025,
            "max": 0.1220876707850645,
            "count": 10
        },
        "CarBehavior.Losses.ValueLoss.mean": {
            "value": 0.0022783884049082798,
            "min": 0.0022783884049082798,
            "max": 0.15124709146718185,
            "count": 10
        },
        "CarBehavior.Losses.ValueLoss.sum": {
            "value": 0.011391942024541399,
            "min": 0.009291767596732824,
            "max": 0.6049883658687274,
            "count": 10
        },
        "CarBehavior.Policy.LearningRate.mean": {
            "value": 1.6535974488040006e-05,
            "min": 1.6535974488040006e-05,
            "max": 0.0002846019051327,
            "count": 10
        },
        "CarBehavior.Policy.LearningRate.sum": {
            "value": 8.267987244020003e-05,
            "min": 8.267987244020003e-05,
            "max": 0.0012842988719003997,
            "count": 10
        },
        "CarBehavior.Policy.Epsilon.mean": {
            "value": 0.10551196000000003,
            "min": 0.10551196000000003,
            "max": 0.19486730000000008,
            "count": 10
        },
        "CarBehavior.Policy.Epsilon.sum": {
            "value": 0.5275598000000001,
            "min": 0.5001406000000002,
            "max": 0.9280995999999998,
            "count": 10
        },
        "CarBehavior.Policy.Beta.mean": {
            "value": 0.0002850468040000002,
            "min": 0.0002850468040000002,
            "max": 0.00474387827,
            "count": 10
        },
        "CarBehavior.Policy.Beta.sum": {
            "value": 0.001425234020000001,
            "min": 0.001425234020000001,
            "max": 0.02141217004,
            "count": 10
        },
        "CarBehavior.IsTraining.mean": {
            "value": 1.0,
            "min": 1.0,
            "max": 1.0,
            "count": 10
        },
        "CarBehavior.IsTraining.sum": {
            "value": 1.0,
            "min": 1.0,
            "max": 1.0,
            "count": 10
        }
    },
    "metadata": {
        "timer_format_version": "0.1.0",
        "start_time_seconds": "1707390076",
        "python_version": "3.10.11 | packaged by Anaconda, Inc. | (main, May 16 2023, 00:55:32) [MSC v.1916 64 bit (AMD64)]",
        "command_line_arguments": "C:\\Users\\ciro_\\anaconda3\\envs\\mlagents\\Scripts\\mlagents-learn --force --run-id=t1",
        "mlagents_version": "1.0.0",
        "mlagents_envs_version": "1.0.0",
        "communication_protocol_version": "1.5.0",
        "pytorch_version": "1.13.1+cu117",
        "numpy_version": "1.23.1",
        "end_time_seconds": "1707390809"
    },
    "total": 732.8082084000007,
    "count": 1,
    "self": 0.011039800000617106,
    "children": {
        "run_training.setup": {
            "total": 0.029455500000040047,
            "count": 1,
            "self": 0.029455500000040047
        },
        "TrainerController.start_learning": {
            "total": 732.7677131,
            "count": 1,
            "self": 1.6485814001307517,
            "children": {
                "TrainerController._reset_env": {
                    "total": 7.478122599999551,
                    "count": 1,
                    "self": 7.478122599999551
                },
                "TrainerController.advance": {
                    "total": 723.5805893998704,
                    "count": 100030,
                    "self": 1.5531727000752653,
                    "children": {
                        "env_step": {
                            "total": 586.6426306999683,
                            "count": 100030,
                            "self": 398.6893289999334,
                            "children": {
                                "SubprocessEnvManager._take_step": {
                                    "total": 186.89865550009654,
                                    "count": 100030,
                                    "self": 4.9608287001447025,
                                    "children": {
                                        "TorchPolicy.evaluate": {
                                            "total": 181.93782679995184,
                                            "count": 100030,
                                            "self": 181.93782679995184
                                        }
                                    }
                                },
                                "workers": {
                                    "total": 1.054646199938361,
                                    "count": 100030,
                                    "self": 0.0,
                                    "children": {
                                        "worker_root": {
                                            "total": 723.3264593999593,
                                            "count": 100030,
                                            "is_parallel": true,
                                            "self": 410.8302116000641,
                                            "children": {
                                                "steps_from_proto": {
                                                    "total": 0.000647900000330992,
                                                    "count": 1,