{
    "name": "root",
    "gauges": {
        "CarBehavior.Policy.Entropy.mean": {
            "value": 0.4703591763973236,
            "min": 0.4703591763973236,
            "max": 1.3366787433624268,
            "count": 39
        },
        "CarBehavior.Policy.Entropy.sum": {
            "value": 46798.38671875,
            "min": 46798.38671875,
            "max": 134249.328125,
            "count": 39
        },
        "CarBehavior.Step.mean": {
            "value": 3899914.0,
            "min": 99867.0,
            "max": 3899914.0,
            "count": 39
        },
        "CarBehavior.Step.sum": {
            "value": 3899914.0,
            "min": 99867.0,
            "max": 3899914.0,
            "count": 39
        },
        "CarBehavior.Policy.ExtrinsicValueEstimate.mean": {
            "value": 1.3417712450027466,
            "min": -0.006083987653255463,
            "max": 1.3644351959228516,
            "count": 39
        },
        "CarBehavior.Policy.ExtrinsicValueEstimate.sum": {
            "value": 1647.695068359375,
            "min": -2.956818103790283,
            "max": 1660.4366455078125,
            "count": 39
        },
        "CarBehavior.Policy.GailValueEstimate.mean": {
            "value": 1.045700192451477,
            "min": 0.958349347114563,
            "max": 5.235097408294678,
            "count": 39
        },
        "CarBehavior.Policy.GailValueEstimate.sum": {
            "value": 1284.119873046875,
            "min": 1118.3936767578125,
            "max": 2450.025634765625,
            "count": 39
        },
        "CarBehavior.Environment.EpisodeLength.mean": {
            "value": 87.01787310098302,
            "min": 83.00761421319797,
            "max": 534.5405405405405,
            "count": 39
        },
        "CarBehavior.Environment.EpisodeLength.sum": {
            "value": 97373.0,
            "min": 97373.0,
            "max": 101245.0,
            "count": 39
        },
        "CarBehavior.Environment.CumulativeReward.mean": {
            "value": 4.497239123350373,
            "min": -0.2174679917529991,
            "max": 4.772207548327574,
            "count": 39
        },
        "CarBehavior.Environment.CumulativeReward.sum": {
            "value": 5072.88573113922,
            "min": -55.01940191350877,
            "max": 5141.312336967327,
            "count": 39
        },
        "CarBehavior.Policy.ExtrinsicReward.mean": {
            "value": 4.452266626074871,
            "min": -0.21529330938259367,
            "max": 4.724485288298136,
            "count": 39
        },
        "CarBehavior.Policy.ExtrinsicReward.sum": {
            "value": 5022.156754212454,
            "min": -54.4692072737962,
            "max": 5089.899088816717,
            "count": 39
        },
        "CarBehavior.Policy.GailReward.mean": {
            "value": 2.810173314344553,
            "min": 2.0266674731085685,
            "max": 43.38063026962651,
            "count": 39
        },
        "CarBehavior.Policy.GailReward.sum": {
            "value": 3169.8754985806554,
            "min": 2142.187519075757,
            "max": 8025.416599880904,
            "count": 39
        },
        "CarBehavior.Losses.PolicyLoss.mean": {
            "value": 0.02360517113665609,
            "min": 0.02048033948196098,
            "max": 0.024014309723126258,
            "count": 39
        },
        "CarBehavior.Losses.PolicyLoss.sum": {
            "value": 0.4484982515964657,
            "min": 0.40214148652739823,
            "max": 0.4676248860359192,
            "count": 39
        },
        "CarBehavior.Losses.ValueLoss.mean": {
            "value": 0.010316765269411629,
            "min": 0.010316765269411629,
            "max": 1.0421129725321576,
            "count": 39
        },
        "CarBehavior.Losses.ValueLoss.sum": {
            "value": 0.19601854011882094,
            "min": 0.19601854011882094,
            "max": 18.758033505578837,
            "count": 39
        },
        "CarBehavior.Policy.LearningRate.mean": {
            "value": 0.00032303521744106786,
            "min": 0.00032303521744106786,
            "max": 0.00034963984854734486,
            "count": 39
        },
        "CarBehavior.Policy.LearningRate.sum": {
            "value": 0.00613766913138029,
            "min": 0.00613766913138029,
            "max": 0.006965006771998069,
            "count": 39
        },
        "CarBehavior.Policy.Epsilon.mean": {
            "value": 0.2845915484210526,
            "min": 0.2845915484210526,
            "max": 0.2997941991111111,
            "count": 39
        },
        "CarBehavior.Policy.Epsilon.sum": {
            "value": 5.40723942,
            "min": 5.396295584,
            "max": 5.9800038639999995,
            "count": 39
        },
        "CarBehavior.Policy.Beta.mean": {
            "value": 0.002308164777842105,
            "min": 0.002308164777842105,
            "max": 0.0024974377789333336,
            "count": 39
        },
        "CarBehavior.Policy.Beta.sum": {
            "value": 0.043855130778999996,
            "min": 0.043855130778999996,
            "max": 0.049751048106800005,
            "count": 39
        },
        "CarBehavior.Policy.GAILPolicyEstimate.mean": {
            "value": 0.07800720827359901,
            "min": 0.05059540244701661,
            "max": 0.1422323070328545,
            "count": 39
        },
        "CarBehavior.Policy.GAILPolicyEstimate.sum": {
            "value": 1.4821369571983813,
            "min": 0.9613126464933156,
            "max": 2.6912251079082488,
            "count": 39
        },
        "CarBehavior.Policy.GAILExpertEstimate.mean": {
            "value": 0.9161879956094844,
            "min": 0.779262434663596,
            "max": 0.9419522157468294,
            "count": 39
        },
        "CarBehavior.Policy.GAILExpertEstimate.sum": {
            "value": 17.407571916580203,
            "min": 14.026723823944728,
            "max": 18.331420154571536,
            "count": 39
        },
        "CarBehavior.Losses.GAILLoss.mean": {
            "value": 0.1995563579546778,
            "min": 0.13561693153883284,
            "max": 0.48276745427537854,
            "count": 39
        },
        "CarBehavior.Losses.GAILLoss.sum": {
            "value": 3.791570801138878,
            "min": 2.5767216992378237,
            "max": 8.770101710557938,
            "count": 39
        },
        "CarBehavior.Policy.GAILGradMagLoss.mean": {
            "value": 0.06845945735511026,
            "min": 0.06071308105399734,
            "max": 2.3358684738697826,
            "count": 39
        },
        "CarBehavior.Policy.GAILGradMagLoss.sum": {
            "value": 1.300729689747095,
            "min": 1.1535485400259495,
            "max": 42.04563252965609,
            "count": 39
        },
        "CarBehavior.Losses.PretrainingLoss.mean": {
            "value": 0.0,
            "min": 0.0,
            "max": 0.9150026510001492,
            "count": 39
        },
        "CarBehavior.Losses.PretrainingLoss.sum": {
            "value": 0.0,
            "min": 0.0,
            "max": 16.470047718002686,
            "count": 39
        },
        "CarBehavior.IsTraining.mean": {
            "value": 1.0,
            "min": 1.0,
            "max": 1.0,
            "count": 39
        },
        "CarBehavior.IsTraining.sum": {
            "value": 1.0,
            "min": 1.0,
            "max": 1.0,
            "count": 39
        }
    },
    "metadata": {
        "timer_format_version": "0.1.0",
        "start_time_seconds": "1707398444",
        "python_version": "3.10.11 | packaged by Anaconda, Inc. | (main, May 16 2023, 00:55:32) [MSC v.1916 64 bit (AMD64)]",
        "command_line_arguments": "C:\\Users\\ciro_\\anaconda3\\envs\\mlagents\\Scripts\\mlagents-learn C:\\Users\\ciro_\\Desktop\\IV\\ProgettoIV\\Parking-IV\\config\\park.yaml --run-id=tpark2 --quality-level=0 --force --time-scale=1",