{"count":1,"self":4.0644871999999994,"total":70.42777,"children":{"InitializeActuators":{"count":5,"self":0.00082,"total":0.00082,"children":null},"InitializeSensors":{"count":5,"self":0.0018449999999999999,"total":0.0018449999999999999,"children":null},"AgentSendState":{"count":2167,"self":0.38031299999999996,"total":2.567344,"children":{"CollectObservations":{"count":10835,"self":0.015708,"total":0.015708,"children":null},"WriteActionMask":{"count":10835,"self":0.0074389999999999994,"total":0.0074389999999999994,"children":null},"RequestDecision":{"count":10835,"self":0.041283,"total":2.163884,"children":{"AgentInfo.ToProto":{"count":10835,"self":0.035172999999999996,"total":2.122601,"children":{"GenerateSensorData":{"count":10835,"self":2.070859,"total":2.087428,"children":{"RayPerceptionSensor.Perceive":{"count":10835,"self":0.016569,"total":0.016569,"children":null}}}}}}}}},"DecideAction":{"count":2167,"self":63.758495999999994,"total":63.758495999999994,"children":null},"AgentAct":{"count":2167,"self":0.032061,"total":0.034496,"children":{"AgentInfo.ToProto":{"count":10,"self":4.9999999999999996E-05,"total":0.002435,"children":{"GenerateSensorData":{"count":10,"self":0.0023599999999999997,"total":0.002385,"children":{"RayPerceptionSensor.Perceive":{"count":10,"self":2.4999999999999998E-05,"total":2.4999999999999998E-05,"children":null}}}}}}}},"gauges":{"CarBehavior.CumulativeReward":{"count":10,"max":0.100001119,"min":0.100001119,"runningAverage":0.100001119,"value":0.100001119,"weightedAverage":0.100001119}},"metadata":{"timer_format_version":"0.1.0","start_time_seconds":"1706874091","unity_version":"2022.3.9f1","command_line_arguments":"\/Applications\/Unity\/Hub\/Editor\/2022.3.9f1\/Unity.app\/Contents\/MacOS\/Unity -projectpath \/Users\/gio\/Documents\/Progetto IV\/Parking-IV -useHub -hubIPC -cloudEnvironment production","communication_protocol_version":"1.5.0","com.unity.ml-agents_version":"3.0.0-exp.1","scene_name":"MainScene","end_time_seconds":"1706874162"}}