{"count":1,"self":3944.8457215999997,"total":11065.3972185,"children":{"InitializeActuators":{"count":5,"self":0.0010084,"total":0.0010084,"children":null},"InitializeSensors":{"count":5,"self":0.0035057,"total":0.0035057,"children":null},"AgentSendState":{"count":791355,"self":142.9960064,"total":1099.0927758,"children":{"CollectObservations":{"count":3956775,"self":8.1741248,"total":8.1741248,"children":null},"WriteActionMask":{"count":3956775,"self":3.5009523999999996,"total":3.5009523999999996,"children":null},"RequestDecision":{"count":3956775,"self":14.3474592,"total":944.4216864,"children":{"AgentInfo.ToProto":{"count":3956775,"self":15.586697599999999,"total":930.07422769999994,"children":{"GenerateSensorData":{"count":3956775,"self":909.522432,"total":914.48752949999994,"children":{"RayPerceptionSensor.Perceive":{"count":3956775,"self":4.9651244,"total":4.9651245,"children":null}}}}}}}}},"DecideAction":{"count":791355,"self":6001.0074111999993,"total":6001.0074807,"children":null},"AgentAct":{"count":791355,"self":11.9790896,"total":12.2774471,"children":{"AgentInfo.ToProto":{"count":1232,"self":0.0109754,"total":0.2983575,"children":{"GenerateSensorData":{"count":1232,"self":0.2858729,"total":0.2873821,"children":{"RayPerceptionSensor.Perceive":{"count":1232,"self":0.0015092,"total":0.0015092,"children":null}}}}}}},"AgentInfo.ToProto":{"count":30648,"self":0.1638788,"total":8.1683261,"children":{"GenerateSensorData":{"count":30648,"self":7.9826912,"total":8.0044472999999989,"children":{"RayPerceptionSensor.Perceive":{"count":30648,"self":0.021756499999999998,"total":0.021756499999999998,"children":null}}}}}},"gauges":{"CarBehavior.CumulativeReward":{"count":31880,"max":5.100136,"min":-0.99500066,"runningAverage":4.19957352,"value":5.0055,"weightedAverage":4.587843}},"metadata":{"timer_format_version":"0.1.0","start_time_seconds":"1707398450","unity_version":"2022.3.9f1","command_line_arguments":"C:\\Program Files\\Unity\\Hub\\Editor\\2022.3.9f1\\Editor\\Unity.exe -projectpath C:\\Users\\ciro_\\Desktop\\IV\\ProgettoIV\\Parking-IV -useHub -hubIPC -cloudEnvironment production","communication_protocol_version":"1.5.0","com.unity.ml-agents_version":"3.0.0-exp.1","scene_name":"MainScene","end_time_seconds":"1707409515"}}