{"count":1,"self":12.8164488,"total":12.948729,"children":{"InitializeActuators":{"count":1,"self":0.001199,"total":0.001199,"children":null},"InitializeSensors":{"count":1,"self":0.0018219999999999998,"total":0.0018219999999999998,"children":null},"AgentSendState":{"count":601,"self":0.012954,"total":0.024905999999999998,"children":{"CollectObservations":{"count":121,"self":0.00075499999999999992,"total":0.00075499999999999992,"children":null},"WriteActionMask":{"count":121,"self":0.00045599999999999997,"total":0.00045599999999999997,"children":null},"RequestDecision":{"count":121,"self":0.010740999999999999,"total":0.010740999999999999,"children":null}}},"DecideAction":{"count":601,"self":0.095202,"total":0.096059999999999993,"children":{"RayPerceptionSensor.Perceive":{"count":121,"self":0.00085799999999999993,"total":0.00085799999999999993,"children":null}}},"AgentAct":{"count":601,"self":0.007899999999999999,"total":0.007899999999999999,"children":null}},"gauges":{"CarBehavior.CumulativeReward":{"count":5,"max":3,"min":2.97,"runningAverage":2.992,"value":3,"weightedAverage":2.9939065}},"metadata":{"timer_format_version":"0.1.0","start_time_seconds":"1708510252","unity_version":"2022.3.9f1","command_line_arguments":"\/Applications\/Unity\/Hub\/Editor\/2022.3.9f1\/Unity.app\/Contents\/MacOS\/Unity -projectpath \/Users\/gio\/Documents\/Progetto IV\/Parking-IV -useHub -hubIPC -cloudEnvironment production","communication_protocol_version":"1.5.0","com.unity.ml-agents_version":"3.0.0-exp.1","scene_name":"Scena2","end_time_seconds":"1708510265"}}