{
    "name": "root",
    "gauges": {
        "CarBehavior.Policy.Entropy.mean": {
            "value": 0.3580130338668823,
            "min": 0.3580130338668823,
            "max": 0.582499086856842,
            "count": 5
        },
        "CarBehavior.Policy.Entropy.sum": {
            "value": 3576.908203125,
            "min": 3576.908203125,
            "max": 5835.47607421875,
            "count": 5
        },
        "CarBehavior.Environment.EpisodeLength.mean": {
            "value": 21.75854214123007,
            "min": 16.27758620689655,
            "max": 22.322429906542055,
            "count": 5
        },
        "CarBehavior.Environment.EpisodeLength.sum": {
            "value": 9552.0,
            "min": 9441.0,
            "max": 9570.0,
            "count": 5
        },
        "CarBehavior.Step.mean": {
            "value": 49988.0,
            "min": 9995.0,
            "max": 49988.0,
            "count": 5
        },
        "CarBehavior.Step.sum": {
            "value": 49988.0,
            "min": 9995.0,
            "max": 49988.0,
            "count": 5
        },
        "CarBehavior.Policy.ExtrinsicValueEstimate.mean": {
            "value": 2.489504814147949,
            "min": -0.7372257113456726,
            "max": 2.489504814147949,
            "count": 5
        },
        "CarBehavior.Policy.ExtrinsicValueEstimate.sum": {
            "value": 1092.892578125,
            "min": -426.85369873046875,
            "max": 1092.892578125,
            "count": 5
        },
        "CarBehavior.Environment.CumulativeReward.mean": {
            "value": 2.7403189066059226,
            "min": -0.9378238341968912,
            "max": 2.7403189066059226,
            "count": 5
        },
        "CarBehavior.Environment.CumulativeReward.sum": {
            "value": 1203.0,
            "min": -543.0,
            "max": 1203.0,
            "count": 5
        },
        "CarBehavior.Policy.ExtrinsicReward.mean": {
            "value": 2.7403189066059226,
            "min": -0.9378238341968912,
            "max": 2.7403189066059226,
            "count": 5
        },
        "CarBehavior.Policy.ExtrinsicReward.sum": {
            "value": 1203.0,
            "min": -543.0,
            "max": 1203.0,
            "count": 5
        },
        "CarBehavior.Losses.PolicyLoss.mean": {
            "value": 0.23510628296994343,
            "min": 0.23510628296994343,
            "max": 0.24612064899029298,
            "count": 5
        },
        "CarBehavior.Losses.PolicyLoss.sum": {
            "value": 20.689352901355022,
            "min": 20.689352901355022,
            "max": 22.216496722871785,
            "count": 5
        },
        "CarBehavior.Losses.ValueLoss.mean": {
            "value": 0.5941870181213553,
            "min": 0.5814424726102969,
            "max": 1.8416710642935137,
            "count": 5
        },
        "CarBehavior.Losses.ValueLoss.sum": {
            "value": 52.28845759467927,
            "min": 50.00405264448553,
            "max": 163.9087247221227,
            "count": 5
        },
        "CarBehavior.Policy.LearningRate.mean": {
            "value": 0.0002730180158121795,
            "min": 0.0002730180158121795,
            "max": 0.00029703182076961315,
            "count": 5
        },
        "CarBehavior.Policy.LearningRate.sum": {
            "value": 0.024025585391471798,
            "min": 0.024025585391471798,
            "max": 0.0270298956900348,
            "count": 5
        },
        "CarBehavior.Policy.Epsilon.mean": {
            "value": 0.19100600227272724,
            "min": 0.19100600227272724,
            "max": 0.1990106065934066,
            "count": 5
        },
        "CarBehavior.Policy.Epsilon.sum": {
            "value": 16.808528199999998,
            "min": 16.745027399999998,
            "max": 18.1099652,
            "count": 5
        },
        "CarBehavior.Policy.Beta.mean": {
            "value": 0.0005000000000000001,
            "min": 0.0005000000000000001,
            "max": 0.0005000000000000001,
            "count": 5
        },
        "CarBehavior.Policy.Beta.sum": {
            "value": 0.04400000000000001,
            "min": 0.04250000000000001,
            "max": 0.04550000000000001,
            "count": 5
        },
        "CarBehavior.IsTraining.mean": {
            "value": 1.0,
            "min": 1.0,
            "max": 1.0,
            "count": 5
        },
        "CarBehavior.IsTraining.sum": {
            "value": 1.0,
            "min": 1.0,
            "max": 1.0,
            "count": 5
        }
    },
    "metadata": {
        "timer_format_version": "0.1.0",
        "start_time_seconds": "1709814538",
        "python_version": "3.10.11 | packaged by Anaconda, Inc. | (main, May 16 2023, 00:55:32) [MSC v.1916 64 bit (AMD64)]",
        "command_line_arguments": "C:\\Users\\ciro_\\anaconda3\\envs\\mlagents\\Scripts\\mlagents-learn config\\moveToGoal.yaml --initialize-from=prova --run-id=prova2 --force",
        "mlagents_version": "1.0.0",
        "mlagents_envs_version": "1.0.0",
        "communication_protocol_version": "1.5.0",
        "pytorch_version": "1.13.1+cu117",
        "numpy_version": "1.23.1",
        "end_time_seconds": "1709815421"
    },
    "total": 883.1985642999643,
    "count": 1,
    "self": 0.006158500094898045,
    "children": {
        "run_training.setup": {
            "total": 0.17173459997866303,
            "count": 1,
            "self": 0.17173459997866303
        },
        "TrainerController.start_learning": {
            "total": 883.0206711998908,
            "count": 1,
            "self": 1.2758685052394867,
            "children": {
                "TrainerController._reset_env": {
                    "total": 5.943854099954478,
                    "count": 1,
                    "self": 5.943854099954478
                },
                "TrainerController.advance": {
                    "total": 875.5903362947283,
                    "count": 60451,
                    "self": 1.2303435950307176,
                    "children": {
                        "env_step": {
                            "total": 565.7529400899075,
                            "count": 60451,
                            "self": 312.98321419919375,
                            "children": {
                                "SubprocessEnvManager._take_step": {
                                    "total": 251.99802138539962,
                                    "count": 60451,
                                    "self": 3.3351198757300153,
                                    "children": {
                                        "TorchPolicy.evaluate": {
                                            "total": 248.6629015096696,
                                            "count": 58304,
                                            "self": 248.6629015096696
                                        }
                                    }
                                },
                                "workers": {
                                    "total": 0.7717045053141192,
                                    "count": 60450,
                                    "self": 0.0,
                                    "children": {
                                        "worker_root": {
                                            "total": 876.5682663036278,
                                            "count": 60450,
                                            "is_parallel": true,
                                            "self": 620.9226698114071,
                                            "children": {
                                                "steps_from_proto": {
                                                    "total": 0.0007787999929860234,
                                                    "count": 1,
                                                    "is_parallel": true,