{
    "name": "root",
    "metadata": {
        "timer_format_version": "0.1.0",
        "start_time_seconds": "1707383932",
        "python_version": "3.10.13 | packaged by conda-forge | (main, Oct 26 2023, 18:09:17) [Clang 16.0.6 ]",
        "command_line_arguments": "/Users/gio/miniconda3/envs/mlagents/bin/mlagents-learn config/park.yaml --run-id=test1 --quality-level=0 --force",
        "mlagents_version": "1.0.0",
        "mlagents_envs_version": "1.0.0",
        "communication_protocol_version": "1.5.0",
        "pytorch_version": "2.1.1",
        "numpy_version": "1.23.1",
        "end_time_seconds": "1707383950"
    },
    "total": 18.061681624999892,
    "count": 1,
    "self": 0.0063735000003362074,
    "children": {
        "run_training.setup": {
            "total": 0.016116457999942213,
            "count": 1,
            "self": 0.016116457999942213
        },
        "TrainerController.start_learning": {
            "total": 18.039191666999614,
            "count": 1,
            "self": 0.006686791005904524,
            "children": {
                "TrainerController._reset_env": {
                    "total": 9.783983999999691,
                    "count": 1,
                    "self": 5.562628624999888,
                    "children": {
                        "demo_to_buffer": {
                            "total": 4.221355374999803,
                            "count": 2,
                            "self": 0.02441570899918588,
                            "children": {
                                "load_demonstration": {
                                    "total": 2.428300541000226,
                                    "count": 2,
                                    "self": 2.4263447920002363,
                                    "children": {
                                        "read_file": {
                                            "total": 0.001955748999989737,
                                            "count": 2,
                                            "self": 0.001955748999989737
                                        }
                                    }
                                },
                                "make_demo_buffer": {
                                    "total": 1.7686391250003908,
                                    "count": 2,
                                    "self": 0.27144604205386713,
                                    "children": {
                                        "steps_from_proto": {
                                            "total": 1.4971930829465236,
                                            "count": 30972,
                                            "self": 0.6400546779264005,
                                            "children": {
                                                "_process_rank_one_or_two_observation": {
                                                    "total": 0.8571384050201232,
                                                    "count": 123888,
                                                    "self": 0.8571384050201232
                                                }
                                            }
                                        }
                                    }
                                }
                            }
                        }
                    }
                },
                "TrainerController.advance": {
                    "total": 8.177472250994015,
                    "count": 667,
                    "self": 0.0028526169985525485,
                    "children": {
                        "env_step": {
                            "total": 8.174619633995462,
                            "count": 667,
                            "self": 7.862370819998432,
                            "children": {
                                "SubprocessEnvManager._take_step": {
                                    "total": 0.30896611200159896,
                                    "count": 667,
                                    "self": 0.013554953004586423,
                                    "children": {
                                        "TorchPolicy.evaluate": {
                                            "total": 0.29541115899701254,
                                            "count": 667,
                                            "self": 0.29541115899701254
                                        }
                                    }
                                },
                                "workers": {
                                    "total": 0.0032827019954311254,
                                    "count": 666,
                                    "self": 0.0,
                                    "children": {
                                        "worker_root": {
                                            "total": 9.272396579998713,
                                            "count": 666,
                                            "is_parallel": true,
                                            "self": 5.036166291997233,
                                            "children": {
                                                "steps_from_proto": {
                                                    "total": 0.0009526249996270053,
                                                    "count": 1,
                                                    "is_parallel": true,
                                                    "self": 0.00020349899978100439,
                                                    "children": {
                                                        "_process_rank_one_or_two_observation": {
                                                            "total": 0.0007491259998460009,
                                                            "count": 4,
                                                            "is_parallel": true,
                                                            "self": 0.0007491259998460009
                                                        }
                                                    }
                                                },
                                                "UnityEnvironment.step": {
                                                    "total": 4.2352776630018525,
                                                    "count": 666,
                                                    "is_parallel": true,
                                                    "self": 0.020487814003445237,
                                                    "children": {
                                                        "UnityEnvironment._generate_step_input": {
                                                            "total": 0.09137848499767642,
                                                            "count": 666,
                                                            "is_parallel": true,
                                                            "self": 0.09137848499767642
                                                        },
                                                        "communicator.exchange": {
                                                            "total": 4.023341535996678,
                                                            "count": 666,
                                                            "is_parallel": true,
                                                            "self": 4.023341535996678
                                                        },
                                                        "steps_from_proto": {
                                                            "total": 0.1000698280040524,
                                                            "count": 666,
                                                            "is_parallel": true,