{
    "name": "root",
    "gauges": {
        "CarBehavior.Policy.Entropy.mean": {
            "value": 0.9114879369735718,
            "min": 0.5473293662071228,
            "max": 1.3236172199249268,
            "count": 31
        },
        "CarBehavior.Policy.Entropy.sum": {
            "value": 9144.046875,
            "min": 5411.99267578125,
            "max": 13103.810546875,
            "count": 31
        },
        "CarBehavior.Environment.EpisodeLength.mean": {
            "value": 856.7692307692307,
            "min": 100.06315789473685,
            "max": 932.9166666666666,
            "count": 31
        },
        "CarBehavior.Environment.EpisodeLength.sum": {
            "value": 11138.0,
            "min": 7186.0,
            "max": 11281.0,
            "count": 31
        },
        "CarBehavior.Step.mean": {
            "value": 309950.0,
            "min": 9985.0,
            "max": 309950.0,
            "count": 31
        },
        "CarBehavior.Step.sum": {
            "value": 309950.0,
            "min": 9985.0,
            "max": 309950.0,
            "count": 31
        },
        "CarBehavior.Policy.ExtrinsicValueEstimate.mean": {
            "value": -0.016980335116386414,
            "min": -0.39362722635269165,
            "max": 0.003567272797226906,
            "count": 31
        },
        "CarBehavior.Policy.ExtrinsicValueEstimate.sum": {
            "value": -2.750814199447632,
            "min": -75.18280029296875,
            "max": 0.581465482711792,
            "count": 31
        },
        "CarBehavior.Environment.CumulativeReward.mean": {
            "value": -0.14001538871357647,
            "min": -0.6460000009460297,
            "max": -0.018612501920870272,
            "count": 31
        },
        "CarBehavior.Environment.CumulativeReward.sum": {
            "value": -1.8202000532764941,
            "min": -42.96520025674545,
            "max": -0.29780003073392436,
            "count": 31
        },
        "CarBehavior.Policy.ExtrinsicReward.mean": {
            "value": -0.14001538871357647,
            "min": -0.6460000009460297,
            "max": -0.018612501920870272,
            "count": 31
        },
        "CarBehavior.Policy.ExtrinsicReward.sum": {
            "value": -1.8202000532764941,
            "min": -42.96520025674545,
            "max": -0.29780003073392436,
            "count": 31
        },
        "CarBehavior.Losses.PolicyLoss.mean": {
            "value": 0.23909134164783427,
            "min": 0.23707098066350574,
            "max": 0.2519840895165325,
            "count": 31
        },
        "CarBehavior.Losses.PolicyLoss.sum": {
            "value": 19.127307331826742,
            "min": 17.938240851379504,
            "max": 19.80776874604412,
            "count": 31
        },
        "CarBehavior.Losses.ValueLoss.mean": {
            "value": 0.0006999551548945453,
            "min": 0.0002699157062592904,
            "max": 0.02030055274655159,
            "count": 31
        },
        "CarBehavior.Losses.ValueLoss.sum": {
            "value": 0.05599641239156362,
            "min": 0.02159325650074323,
            "max": 1.5022409032448176,
            "count": 31
        },
        "CarBehavior.Policy.LearningRate.mean": {
            "value": 0.000116998486000525,
            "min": 0.000116998486000525,
            "max": 0.0002968749172579108,
            "count": 31
        },
        "CarBehavior.Policy.LearningRate.sum": {
            "value": 0.009359878880042,
            "min": 0.009359878880042,
            "max": 0.0219687438770854,
            "count": 31
        },
        "CarBehavior.Policy.Epsilon.mean": {
            "value": 0.138999475,
            "min": 0.138999475,
            "max": 0.19895830540540543,
            "count": 31
        },
        "CarBehavior.Policy.Epsilon.sum": {
            "value": 11.119958,
            "min": 11.0114636,
            "max": 15.015094800000002,
            "count": 31
        },
        "CarBehavior.Policy.Beta.mean": {
            "value": 0.0005000000000000001,
            "min": 0.0005,
            "max": 0.0005000000000000001,
            "count": 31
        },
        "CarBehavior.Policy.Beta.sum": {
            "value": 0.04000000000000001,
            "min": 0.036000000000000004,
            "max": 0.04000000000000001,
            "count": 31
        },
        "CarBehavior.IsTraining.mean": {
            "value": 1.0,
            "min": 1.0,
            "max": 1.0,
            "count": 31
        },
        "CarBehavior.IsTraining.sum": {
            "value": 1.0,
            "min": 1.0,
            "max": 1.0,
            "count": 31
        }
    },
    "metadata": {
        "timer_format_version": "0.1.0",
        "start_time_seconds": "1707783942",
        "python_version": "3.10.11 | packaged by Anaconda, Inc. | (main, May 16 2023, 00:55:32) [MSC v.1916 64 bit (AMD64)]",
        "command_line_arguments": "C:\\Users\\ciro_\\anaconda3\\envs\\mlagents\\Scripts\\mlagents-learn config\\moveToGoal.yaml --initialize-from=testConfigRandomGood --run-id=TestRandomPark --force",
        "mlagents_version": "1.0.0",
        "mlagents_envs_version": "1.0.0",
        "communication_protocol_version": "1.5.0",
        "pytorch_version": "1.13.1+cu117",
        "numpy_version": "1.23.1",
        "end_time_seconds": "1707785802"
    },
    "total": 1860.0561139000001,
    "count": 1,
    "self": 0.005287200000111625,
    "children": {
        "run_training.setup": {
            "total": 0.0934189999999262,
            "count": 1,
            "self": 0.0934189999999262
        },
        "TrainerController.start_learning": {
            "total": 1859.9574077,
            "count": 1,
            "self": 0.7983997000330874,
            "children": {
                "TrainerController._reset_env": {
                    "total": 10.450486100000035,
                    "count": 1,
                    "self": 10.450486100000035
                },
                "TrainerController.advance": {
                    "total": 1848.580142299967,
                    "count": 52384,
                    "self": 0.728177699950038,
                    "children": {
                        "env_step": {
                            "total": 380.93145860001755,
                            "count": 52384,
                            "self": 202.56868580005346,
                            "children": {
                                "SubprocessEnvManager._take_step": {
                                    "total": 177.8828411999699,
                                    "count": 52384,
                                    "self": 2.3533038999861446,
                                    "children": {
                                        "TorchPolicy.evaluate": {
                                            "total": 175.52953729998376,
                                            "count": 52384,
                                            "self": 175.52953729998376
                                        }
                                    }
                                },
                                "workers": {
                                    "total": 0.4799315999941882,
                                    "count": 52383,
                                    "self": 0.0,
                                    "children": {
                                        "worker_root": {
                                            "total": 1803.5809766000632,
                                            "count": 52383,
                                            "is_parallel": true,
                                            "self": 1690.758786100088,
                                            "children": {
                                                "steps_from_proto": {
                                                    "total": 0.0006541000000197528,
                                                    "count": 1,