{
    "name": "root",
    "metadata": {
        "timer_format_version": "0.1.0",
        "start_time_seconds": "1706872253",
        "python_version": "3.10.11 | packaged by Anaconda, Inc. | (main, May 16 2023, 00:55:32) [MSC v.1916 64 bit (AMD64)]",
        "command_line_arguments": "C:\\Users\\ciro_\\anaconda3\\envs\\mlagents\\Scripts\\mlagents-learn --force",
        "mlagents_version": "1.0.0",
        "mlagents_envs_version": "1.0.0",
        "communication_protocol_version": "1.5.0",
        "pytorch_version": "1.13.1+cu117",
        "numpy_version": "1.23.1",
        "end_time_seconds": "1706872336"
    },
    "total": 82.96441429999868,
    "count": 1,
    "self": 0.007717099997535115,
    "children": {
        "run_training.setup": {
            "total": 0.028652100001636427,
            "count": 1,
            "self": 0.028652100001636427
        },
        "TrainerController.start_learning": {
            "total": 82.92804509999951,
            "count": 1,
            "self": 0.019374400046217488,
            "children": {
                "TrainerController._reset_env": {
                    "total": 8.31328559999929,
                    "count": 1,
                    "self": 8.31328559999929
                },
                "TrainerController.advance": {
                    "total": 74.5045219999538,
                    "count": 901,
                    "self": 0.017379899947627564,
                    "children": {
                        "env_step": {
                            "total": 71.66266949997771,
                            "count": 901,
                            "self": 69.33609320000141,
                            "children": {
                                "SubprocessEnvManager._take_step": {
                                    "total": 2.3157024000138335,
                                    "count": 901,
                                    "self": 0.056757800022751326,
                                    "children": {
                                        "TorchPolicy.evaluate": {
                                            "total": 2.258944599991082,
                                            "count": 901,
                                            "self": 2.258944599991082
                                        }
                                    }
                                },
                                "workers": {
                                    "total": 0.01087389996246202,
                                    "count": 900,
                                    "self": 0.0,
                                    "children": {
                                        "worker_root": {
                                            "total": 12.386258299971814,
                                            "count": 900,
                                            "is_parallel": true,
                                            "self": 6.858640199921865,
                                            "children": {
                                                "steps_from_proto": {
                                                    "total": 0.0007215999994514277,
                                                    "count": 1,
                                                    "is_parallel": true,
                                                    "self": 0.00023149999833549373,
                                                    "children": {
                                                        "_process_rank_one_or_two_observation": {
                                                            "total": 0.000490100001115934,
                                                            "count": 4,
                                                            "is_parallel": true,
                                                            "self": 0.000490100001115934
                                                        }
                                                    }
                                                },
                                                "UnityEnvironment.step": {
                                                    "total": 5.526896500050498,
                                                    "count": 900,
                                                    "is_parallel": true,
                                                    "self": 0.1556618000358867,
                                                    "children": {
                                                        "UnityEnvironment._generate_step_input": {
                                                            "total": 0.18893150000258174,
                                                            "count": 900,
                                                            "is_parallel": true,
                                                            "self": 0.18893150000258174
                                                        },
                                                        "communicator.exchange": {
                                                            "total": 4.779455800047799,
                                                            "count": 900,
                                                            "is_parallel": true,
                                                            "self": 4.779455800047799
                                                        },
                                                        "steps_from_proto": {
                                                            "total": 0.40284739996423014,
                                                            "count": 900,
                                                            "is_parallel": true,
                                                            "self": 0.10080939992985805,
                                                            "children": {
                                                                "_process_rank_one_or_two_observation": {
                                                                    "total": 0.3020380000343721,
                                                                    "count": 3600,
                                                                    "is_parallel": true,
                                                                    "self": 0.3020380000343721
                                                                }
                                                            }
                                                        }
                                                    }
                                                }
                                            }
                                        }
                                    }
                                }
                            }
                        },
                        "trainer_advance": {
                            "total": 2.8244726000284572,
                            "count": 900,
                            "self": 0.02120040001864254,
                            "children": {
                                "process_trajectory": {
                                    "total": 0.7905056000090553,
                                    "count": 900,
                                    "self": 0.7905056000090553
                                },
                                "_update_policy": {
                                    "total": 2.0127666000007594,
                                    "count": 1,
                                    "self": 1.510839799999303,
                                    "children": {
                                        "TorchPPOOptimizer.update": {
                                            "total": 0.5019268000014563,
                                            "count": 30,