{
    "name": "root",
    "gauges": {
        "CarBehavior.Policy.Entropy.mean": {
            "value": 1.407928705215454,
            "min": 1.4041671752929688,
            "max": 1.4169116020202637,
            "count": 10
        },
        "CarBehavior.Policy.Entropy.sum": {
            "value": 70410.515625,
            "min": 70264.765625,
            "max": 71164.3828125,
            "count": 10
        },
        "CarBehavior.Step.mean": {
            "value": 499950.0,
            "min": 49951.0,
            "max": 499950.0,
            "count": 10
        },
        "CarBehavior.Step.sum": {
            "value": 499950.0,
            "min": 49951.0,
            "max": 499950.0,
            "count": 10
        },
        "CarBehavior.Policy.ExtrinsicValueEstimate.mean": {
            "value": -0.29295676946640015,
            "min": -0.29295676946640015,
            "max": 10.526666641235352,
            "count": 10
        },
        "CarBehavior.Policy.ExtrinsicValueEstimate.sum": {
            "value": -244.911865234375,
            "min": -244.911865234375,
            "max": 8716.080078125,
            "count": 10
        },
        "CarBehavior.Environment.EpisodeLength.mean": {
            "value": 317.40645161290325,
            "min": 286.54285714285714,
            "max": 550.8804347826087,
            "count": 10
        },
        "CarBehavior.Environment.EpisodeLength.sum": {
            "value": 49198.0,
            "min": 48496.0,
            "max": 50681.0,
            "count": 10
        },
        "CarBehavior.Environment.CumulativeReward.mean": {
            "value": -0.9488987159134159,
            "min": -1.0570599944224315,
            "max": 2.0395327954478564,
            "count": 10
        },
        "CarBehavior.Environment.CumulativeReward.sum": {
            "value": -147.07930096657947,
            "min": -184.9854990239255,
            "max": 277.04929906502366,
            "count": 10
        },
        "CarBehavior.Policy.ExtrinsicReward.mean": {
            "value": -0.9488987159134159,
            "min": -1.0570599944224315,
            "max": 2.0395327954478564,
            "count": 10
        },
        "CarBehavior.Policy.ExtrinsicReward.sum": {
            "value": -147.07930096657947,
            "min": -184.9854990239255,
            "max": 277.04929906502366,
            "count": 10
        },
        "CarBehavior.Losses.PolicyLoss.mean": {
            "value": 0.023907997279117504,
            "min": 0.02159405829384923,
            "max": 0.026241114766647415,
            "count": 10
        },
        "CarBehavior.Losses.PolicyLoss.sum": {
            "value": 0.11953998639558752,
            "min": 0.08842213815854241,
            "max": 0.13120557383323708,
            "count": 10
        },
        "CarBehavior.Losses.ValueLoss.mean": {
            "value": 0.05098000464340051,
            "min": 0.01830119643981258,
            "max": 1.2177715023358662,
            "count": 10
        },
        "CarBehavior.Losses.ValueLoss.sum": {
            "value": 0.25490002321700256,
            "min": 0.08888856569925943,
            "max": 4.871086009343465,
            "count": 10
        },
        "CarBehavior.Policy.LearningRate.mean": {
            "value": 1.6371574542839994e-05,
            "min": 1.6371574542839994e-05,
            "max": 0.00028457745514084997,
            "count": 10
        },
        "CarBehavior.Policy.LearningRate.sum": {
            "value": 8.185787271419996e-05,
            "min": 8.185787271419996e-05,
            "max": 0.0012843378718874,
            "count": 10
        },
        "CarBehavior.Policy.Epsilon.mean": {
            "value": 0.10545716000000001,
            "min": 0.10545716000000001,
            "max": 0.19485914999999998,
            "count": 10
        },
        "CarBehavior.Policy.Epsilon.sum": {
            "value": 0.5272858,
            "min": 0.499912,
            "max": 0.9281126000000001,
            "count": 10
        },
        "CarBehavior.Policy.Beta.mean": {
            "value": 0.0002823122839999999,
            "min": 0.0002823122839999999,
            "max": 0.004743471585000001,
            "count": 10
        },
        "CarBehavior.Policy.Beta.sum": {
            "value": 0.0014115614199999996,
            "min": 0.0014115614199999996,
            "max": 0.021412818740000006,
            "count": 10
        },
        "CarBehavior.IsTraining.mean": {
            "value": 1.0,
            "min": 1.0,
            "max": 1.0,
            "count": 10
        },
        "CarBehavior.IsTraining.sum": {
            "value": 1.0,
            "min": 1.0,
            "max": 1.0,
            "count": 10
        }
    },
    "metadata": {
        "timer_format_version": "0.1.0",
        "start_time_seconds": "1706880970",
        "python_version": "3.10.11 | packaged by Anaconda, Inc. | (main, May 16 2023, 00:55:32) [MSC v.1916 64 bit (AMD64)]",
        "command_line_arguments": "C:\\Users\\ciro_\\anaconda3\\envs\\mlagents\\Scripts\\mlagents-learn --force",
        "mlagents_version": "1.0.0",
        "mlagents_envs_version": "1.0.0",
        "communication_protocol_version": "1.5.0",
        "pytorch_version": "1.13.1+cu117",
        "numpy_version": "1.23.1",
        "end_time_seconds": "1706881939"
    },
    "total": 968.9899496000035,
    "count": 1,
    "self": 0.01022940000257222,
    "children": {
        "run_training.setup": {
            "total": 0.04999390000011772,
            "count": 1,
            "self": 0.04999390000011772
        },
        "TrainerController.start_learning": {
            "total": 968.9297263000008,
            "count": 1,
            "self": 1.7866139000107069,
            "children": {
                "TrainerController._reset_env": {
                    "total": 11.06119210000179,
                    "count": 1,
                    "self": 11.06119210000179
                },
                "TrainerController.advance": {
                    "total": 956.0184095999866,
                    "count": 100031,
                    "self": 1.6351393992299563,
                    "children": {
                        "env_step": {
                            "total": 787.6398617004415,
                            "count": 100031,
                            "self": 505.71061140041274,
                            "children": {
                                "SubprocessEnvManager._take_step": {
                                    "total": 280.7253219996419,
                                    "count": 100032,
                                    "self": 6.130954399162874,
                                    "children": {
                                        "TorchPolicy.evaluate": {
                                            "total": 274.594367600479,
                                            "count": 100032,
                                            "self": 274.594367600479
                                        }
                                    }
                                },
                                "workers": {
                                    "total": 1.203928300386906,
                                    "count": 100031,
                                    "self": 0.0,
                                    "children": {
                                        "worker_root": {
                                            "total": 916.2357787999281,
                                            "count": 100031,
                                            "is_parallel": true,
                                            "self": 550.208370300712,
                                            "children": {
                                                "steps_from_proto": {
                                                    "total": 0.0008785000027273782,
                                                    "count": 2,