{
    "name": "root",
    "gauges": {
        "CarBehavior.Policy.Entropy.mean": {
            "value": 2.684080123901367,
            "min": 2.684080123901367,
            "max": 3.0030879974365234,
            "count": 10
        },
        "CarBehavior.Policy.Entropy.sum": {
            "value": 134069.796875,
            "min": 134069.796875,
            "max": 150875.140625,
            "count": 10
        },
        "CarBehavior.Environment.EpisodeLength.mean": {
            "value": 36.94756838905775,
            "min": 36.94756838905775,
            "max": 59.078031212484994,
            "count": 10
        },
        "CarBehavior.Environment.EpisodeLength.sum": {
            "value": 48623.0,
            "min": 48623.0,
            "max": 49212.0,
            "count": 10
        },
        "CarBehavior.Step.mean": {
            "value": 499974.0,
            "min": 49988.0,
            "max": 499974.0,
            "count": 10
        },
        "CarBehavior.Step.sum": {
            "value": 499974.0,
            "min": 49988.0,
            "max": 499974.0,
            "count": 10
        },
        "CarBehavior.Policy.ExtrinsicValueEstimate.mean": {
            "value": 0.8342500925064087,
            "min": 0.025462061166763306,
            "max": 0.8357511758804321,
            "count": 10
        },
        "CarBehavior.Policy.ExtrinsicValueEstimate.sum": {
            "value": 1098.7073974609375,
            "min": 24.67273712158203,
            "max": 1098.7073974609375,
            "count": 10
        },
        "CarBehavior.Environment.CumulativeReward.mean": {
            "value": 1.0,
            "min": 0.7572115384615384,
            "max": 1.0,
            "count": 10
        },
        "CarBehavior.Environment.CumulativeReward.sum": {
            "value": 1317.0,
            "min": 630.0,
            "max": 1317.0,
            "count": 10
        },
        "CarBehavior.Policy.ExtrinsicReward.mean": {
            "value": 1.0,
            "min": 0.7572115384615384,
            "max": 1.0,
            "count": 10
        },
        "CarBehavior.Policy.ExtrinsicReward.sum": {
            "value": 1317.0,
            "min": 630.0,
            "max": 1317.0,
            "count": 10
        },
        "CarBehavior.Losses.PolicyLoss.mean": {
            "value": 0.02261844622301093,
            "min": 0.02064212003072801,
            "max": 0.02705788885165627,
            "count": 10
        },
        "CarBehavior.Losses.PolicyLoss.sum": {
            "value": 0.11309223111505465,
            "min": 0.09536302790317375,
            "max": 0.13528944425828135,
            "count": 10
        },
        "CarBehavior.Losses.ValueLoss.mean": {
            "value": 0.00011372823787193435,
            "min": 0.00011372823787193435,
            "max": 0.07151748921411732,
            "count": 10
        },
        "CarBehavior.Losses.ValueLoss.sum": {
            "value": 0.0005686411893596718,
            "min": 0.0004716512691326595,
            "max": 0.2860699568564693,
            "count": 10
        },
        "CarBehavior.Policy.LearningRate.mean": {
            "value": 1.6600054466680003e-05,
            "min": 1.6600054466680003e-05,
            "max": 0.00028462785512404994,
            "count": 10
        },
        "CarBehavior.Policy.LearningRate.sum": {
            "value": 8.300027233340002e-05,
            "min": 8.300027233340002e-05,
            "max": 0.0012844626718458005,
            "count": 10
        },
        "CarBehavior.Policy.Epsilon.mean": {
            "value": 0.10553332000000001,
            "min": 0.10553332000000001,
            "max": 0.19487595000000005,
            "count": 10
        },
        "CarBehavior.Policy.Epsilon.sum": {
            "value": 0.5276666000000001,
            "min": 0.5001410000000001,
            "max": 0.9281542,
            "count": 10
        },
        "CarBehavior.Policy.Beta.mean": {
            "value": 0.0002861126680000001,
            "min": 0.0002861126680000001,
            "max": 0.004744309905000001,
            "count": 10
        },
        "CarBehavior.Policy.Beta.sum": {
            "value": 0.0014305633400000005,
            "min": 0.0014305633400000005,
            "max": 0.021414894580000003,
            "count": 10
        },
        "CarBehavior.IsTraining.mean": {
            "value": 1.0,
            "min": 1.0,
            "max": 1.0,
            "count": 10
        },
        "CarBehavior.IsTraining.sum": {
            "value": 1.0,
            "min": 1.0,
            "max": 1.0,
            "count": 10
        }
    },
    "metadata": {
        "timer_format_version": "0.1.0",
        "start_time_seconds": "1707755575",
        "python_version": "3.10.11 | packaged by Anaconda, Inc. | (main, May 16 2023, 00:55:32) [MSC v.1916 64 bit (AMD64)]",
        "command_line_arguments": "C:\\Users\\ciro_\\anaconda3\\envs\\mlagents\\Scripts\\mlagents-learn --run-id=test3 --time-scale=5 --force",
        "mlagents_version": "1.0.0",
        "mlagents_envs_version": "1.0.0",
        "communication_protocol_version": "1.5.0",
        "pytorch_version": "1.13.1+cu117",
        "numpy_version": "1.23.1",
        "end_time_seconds": "1707756143"
    },
    "total": 568.3318660999994,
    "count": 1,
    "self": 0.012214499998663086,
    "children": {
        "run_training.setup": {
            "total": 0.026555600001302082,
            "count": 1,
            "self": 0.026555600001302082
        },
        "TrainerController.start_learning": {
            "total": 568.2930959999994,
            "count": 1,
            "self": 0.9369758000320871,
            "children": {
                "TrainerController._reset_env": {
                    "total": 9.450599800000418,
                    "count": 1,
                    "self": 9.450599800000418
                },
                "TrainerController.advance": {
                    "total": 557.8415363999684,
                    "count": 50020,
                    "self": 0.8283725997389411,
                    "children": {
                        "env_step": {
                            "total": 414.97682850017554,
                            "count": 50020,
                            "self": 241.16094020009223,
                            "children": {
                                "SubprocessEnvManager._take_step": {
                                    "total": 173.2355297999984,
                                    "count": 50020,
                                    "self": 2.5760960000498017,
                                    "children": {
                                        "TorchPolicy.evaluate": {
                                            "total": 170.6594337999486,
                                            "count": 50020,
                                            "self": 170.6594337999486
                                        }
                                    }
                                },
                                "workers": {
                                    "total": 0.5803585000849125,
                                    "count": 50020,
                                    "self": 0.0,
                                    "children": {
                                        "worker_root": {
                                            "total": 557.9487349001047,
                                            "count": 50020,
                                            "is_parallel": true,
                                            "self": 370.2530507001229,
                                            "children": {
                                                "steps_from_proto": {
                                                    "total": 0.0007932999997137813,
                                                    "count": 1,
                                                    "is_parallel": true,