{
    "name": "root",
    "gauges": {
        "CarBehavior.Policy.Entropy.mean": {
            "value": 2.5894341468811035,
            "min": 1.8729233741760254,
            "max": 2.5894341468811035,
            "count": 5
        },
        "CarBehavior.Policy.Entropy.sum": {
            "value": 26241.326171875,
            "min": 19013.91796875,
            "max": 26241.326171875,
            "count": 5
        },
        "CarBehavior.Step.mean": {
            "value": 49969.0,
            "min": 9994.0,
            "max": 49969.0,
            "count": 5
        },
        "CarBehavior.Step.sum": {
            "value": 49969.0,
            "min": 9994.0,
            "max": 49969.0,
            "count": 5
        },
        "CarBehavior.Policy.ExtrinsicValueEstimate.mean": {
            "value": -1.1292539834976196,
            "min": -3.2454516887664795,
            "max": -1.1292539834976196,
            "count": 5
        },
        "CarBehavior.Policy.ExtrinsicValueEstimate.sum": {
            "value": -226.98004150390625,
            "min": -636.1085205078125,
            "max": -226.98004150390625,
            "count": 5
        },
        "CarBehavior.Losses.PolicyLoss.mean": {
            "value": 0.24019068219262,
            "min": 0.24019068219262,
            "max": 0.2531153701384758,
            "count": 5
        },
        "CarBehavior.Losses.PolicyLoss.sum": {
            "value": 17.53391980006126,
            "min": 5.568538143046467,
            "max": 18.682905193548084,
            "count": 5
        },
        "CarBehavior.Losses.ValueLoss.mean": {
            "value": 5.672473464712198,
            "min": 5.255269571464201,
            "max": 6.174258728579331,
            "count": 5
        },
        "CarBehavior.Losses.ValueLoss.sum": {
            "value": 414.09056292399043,
            "min": 135.83369202874528,
            "max": 414.09056292399043,
            "count": 5
        },
        "CarBehavior.Policy.LearningRate.mean": {
            "value": 0.0002730149268032466,
            "min": 0.0002730149268032466,
            "max": 0.0002963785921162273,
            "count": 5
        },
        "CarBehavior.Policy.LearningRate.sum": {
            "value": 0.019930089656637,
            "min": 0.006520329026557001,
            "max": 0.021372951975682793,
            "count": 5
        },
        "CarBehavior.Policy.Epsilon.mean": {
            "value": 0.19100497260273971,
            "min": 0.19100497260273971,
            "max": 0.19879286363636364,
            "count": 5
        },
        "CarBehavior.Policy.Epsilon.sum": {
            "value": 13.943363,
            "min": 4.373443,
            "max": 14.624317200000004,
            "count": 5
        },
        "CarBehavior.Policy.Beta.mean": {
            "value": 0.0005,
            "min": 0.0005,
            "max": 0.0005000000000000001,
            "count": 5
        },
        "CarBehavior.Policy.Beta.sum": {
            "value": 0.036500000000000005,
            "min": 0.011000000000000003,
            "max": 0.037500000000000006,
            "count": 5
        },
        "CarBehavior.Environment.EpisodeLength.mean": {
            "value": 192.90384615384616,
            "min": 184.8,
            "max": 199.0,
            "count": 5
        },
        "CarBehavior.Environment.EpisodeLength.sum": {
            "value": 10031.0,
            "min": 9240.0,
            "max": 10031.0,
            "count": 5
        },
        "CarBehavior.Environment.CumulativeReward.mean": {
            "value": -6.676153215078207,
            "min": -7.040199429988861,
            "max": -5.98576863683187,
            "count": 5
        },
        "CarBehavior.Environment.CumulativeReward.sum": {
            "value": -347.1599671840668,
            "min": -352.00997149944305,
            "max": -302.84997606277466,
            "count": 5
        },
        "CarBehavior.Policy.ExtrinsicReward.mean": {
            "value": -6.676153215078207,
            "min": -7.040199429988861,
            "max": -5.98576863683187,
            "count": 5
        },
        "CarBehavior.Policy.ExtrinsicReward.sum": {
            "value": -347.1599671840668,
            "min": -352.00997149944305,
            "max": -302.84997606277466,
            "count": 5
        },
        "CarBehavior.IsTraining.mean": {
            "value": 1.0,
            "min": 1.0,
            "max": 1.0,
            "count": 5
        },
        "CarBehavior.IsTraining.sum": {
            "value": 1.0,
            "min": 1.0,
            "max": 1.0,
            "count": 5
        }
    },
    "metadata": {
        "timer_format_version": "0.1.0",
        "start_time_seconds": "1708339634",
        "python_version": "3.10.13 | packaged by conda-forge | (main, Oct 26 2023, 18:09:17) [Clang 16.0.6 ]",
        "command_line_arguments": "/Users/gio/miniconda3/envs/mlagents/bin/mlagents-learn config/moveToGoal.yaml --run-id=boh --time-scale=10 --force",
        "mlagents_version": "1.0.0",
        "mlagents_envs_version": "1.0.0",
        "communication_protocol_version": "1.5.0",
        "pytorch_version": "2.1.1",
        "numpy_version": "1.23.1",
        "end_time_seconds": "1708339781"
    },
    "total": 146.9550403329995,
    "count": 1,
    "self": 0.003942790999644785,
    "children": {
        "run_training.setup": {
            "total": 0.022873083000376937,
            "count": 1,
            "self": 0.022873083000376937
        },
        "TrainerController.start_learning": {
            "total": 146.92822445899947,
            "count": 1,
            "self": 0.05358675305160432,
            "children": {
                "TrainerController._reset_env": {
                    "total": 4.318542625000191,
                    "count": 1,
                    "self": 4.318542625000191
                },
                "TrainerController.advance": {
                    "total": 142.45440153894833,
                    "count": 5739,
                    "self": 0.05085250801676011,
                    "children": {
                        "env_step": {
                            "total": 115.5202563469793,
                            "count": 5739,
                            "self": 112.271878371007,
                            "children": {
                                "SubprocessEnvManager._take_step": {
                                    "total": 3.2111410280085693,
                                    "count": 5739,
                                    "self": 0.11902508696948644,
                                    "children": {
                                        "TorchPolicy.evaluate": {
                                            "total": 3.092115941039083,
                                            "count": 5614,
                                            "self": 3.092115941039083
                                        }
                                    }
                                },
                                "workers": {
                                    "total": 0.03723694796372001,
                                    "count": 5738,
                                    "self": 0.0,
                                    "children": {
                                        "worker_root": {
                                            "total": 81.18860635902547,
                                            "count": 5738,
                                            "is_parallel": true,
                                            "self": 33.57145427804335,
                                            "children": {
                                                "steps_from_proto": {
                                                    "total": 0.0017630419997658464,
                                                    "count": 1,
                                                    "is_parallel": true,