{
    "name": "root",
    "gauges": {
        "CarBehavior.Policy.Entropy.mean": {
            "value": 1.35952889919281,
            "min": 1.2405930757522583,
            "max": 1.7771393060684204,
            "count": 11
        },
        "CarBehavior.Policy.Entropy.sum": {
            "value": 13402.236328125,
            "min": 12460.5166015625,
            "max": 17806.935546875,
            "count": 11
        },
        "CarBehavior.Environment.EpisodeLength.mean": {
            "value": 61.62420382165605,
            "min": 47.762135922330096,
            "max": 65.38,
            "count": 11
        },
        "CarBehavior.Environment.EpisodeLength.sum": {
            "value": 9675.0,
            "min": 9655.0,
            "max": 9957.0,
            "count": 11
        },
        "CarBehavior.Step.mean": {
            "value": 109941.0,
            "min": 9985.0,
            "max": 109941.0,
            "count": 11
        },
        "CarBehavior.Step.sum": {
            "value": 109941.0,
            "min": 9985.0,
            "max": 109941.0,
            "count": 11
        },
        "CarBehavior.Policy.ExtrinsicValueEstimate.mean": {
            "value": 0.7790119051933289,
            "min": -0.14515818655490875,
            "max": 0.7963940501213074,
            "count": 11
        },
        "CarBehavior.Policy.ExtrinsicValueEstimate.sum": {
            "value": 177.61471557617188,
            "min": -32.51543426513672,
            "max": 186.356201171875,
            "count": 11
        },
        "CarBehavior.Environment.CumulativeReward.mean": {
            "value": 0.9872611464968153,
            "min": -0.2097560975609756,
            "max": 1.0,
            "count": 11
        },
        "CarBehavior.Environment.CumulativeReward.sum": {
            "value": 155.0,
            "min": -43.0,
            "max": 162.0,
            "count": 11
        },
        "CarBehavior.Policy.ExtrinsicReward.mean": {
            "value": 0.9872611464968153,
            "min": -0.2097560975609756,
            "max": 1.0,
            "count": 11
        },
        "CarBehavior.Policy.ExtrinsicReward.sum": {
            "value": 155.0,
            "min": -43.0,
            "max": 162.0,
            "count": 11
        },
        "CarBehavior.Losses.PolicyLoss.mean": {
            "value": 0.24381950636694474,
            "min": 0.23884383745725635,
            "max": 0.24955302379695368,
            "count": 11
        },
        "CarBehavior.Losses.PolicyLoss.sum": {
            "value": 19.01792149662169,
            "min": 18.17204202045728,
            "max": 19.661871691749653,
            "count": 11
        },
        "CarBehavior.Losses.ValueLoss.mean": {
            "value": 0.004974163353776181,
            "min": 7.93866446804332e-05,
            "max": 0.06527871070723391,
            "count": 11
        },
        "CarBehavior.Losses.ValueLoss.sum": {
            "value": 0.38798474159454216,
            "min": 0.006112771640393357,
            "max": 5.157018145871479,
            "count": 11
        },
        "CarBehavior.Policy.LearningRate.mean": {
            "value": 0.0002369854748510026,
            "min": 0.0002369854748510026,
            "max": 0.00029700025035056624,
            "count": 11
        },
        "CarBehavior.Policy.LearningRate.sum": {
            "value": 0.018484867038378202,
            "min": 0.018484867038378202,
            "max": 0.0228690192769936,
            "count": 11
        },
        "CarBehavior.Policy.Epsilon.mean": {
            "value": 0.1789951512820513,
            "min": 0.1789951512820513,
            "max": 0.19900008311688314,
            "count": 11
        },
        "CarBehavior.Policy.Epsilon.sum": {
            "value": 13.9616218,
            "min": 13.936645200000001,
            "max": 15.4054884,
            "count": 11
        },
        "CarBehavior.Policy.Beta.mean": {
            "value": 0.0005000000000000001,
            "min": 0.0005000000000000001,
            "max": 0.0005000000000000001,
            "count": 11
        },
        "CarBehavior.Policy.Beta.sum": {
            "value": 0.03900000000000001,
            "min": 0.038000000000000006,
            "max": 0.04000000000000001,
            "count": 11
        },
        "CarBehavior.IsTraining.mean": {
            "value": 1.0,
            "min": 1.0,
            "max": 1.0,
            "count": 11
        },
        "CarBehavior.IsTraining.sum": {
            "value": 1.0,
            "min": 1.0,
            "max": 1.0,
            "count": 11
        }
    },
    "metadata": {
        "timer_format_version": "0.1.0",
        "start_time_seconds": "1707759013",
        "python_version": "3.10.11 | packaged by Anaconda, Inc. | (main, May 16 2023, 00:55:32) [MSC v.1916 64 bit (AMD64)]",
        "command_line_arguments": "C:\\Users\\ciro_\\anaconda3\\envs\\mlagents\\Scripts\\mlagents-learn config\\moveToGoal.yaml --initialize-from=testConfig --run-id=testConfigRandom --force",
        "mlagents_version": "1.0.0",
        "mlagents_envs_version": "1.0.0",
        "communication_protocol_version": "1.5.0",
        "pytorch_version": "1.13.1+cu117",
        "numpy_version": "1.23.1",
        "end_time_seconds": "1707759733"
    },
    "total": 720.3772511999996,
    "count": 1,
    "self": 0.005537699998967582,
    "children": {
        "run_training.setup": {
            "total": 0.09064539999963017,
            "count": 1,
            "self": 0.09064539999963017
        },
        "TrainerController.start_learning": {
            "total": 720.281068100001,
            "count": 1,
            "self": 0.31612970008973207,
            "children": {
                "TrainerController._reset_env": {
                    "total": 8.185088700000051,
                    "count": 1,
                    "self": 8.185088700000051
                },
                "TrainerController.advance": {
                    "total": 711.6674397999122,
                    "count": 19651,
                    "self": 0.27787189995979134,
                    "children": {
                        "env_step": {
                            "total": 133.92940030004502,
                            "count": 19651,
                            "self": 64.77709710013369,
                            "children": {
                                "SubprocessEnvManager._take_step": {
                                    "total": 68.95817190003618,
                                    "count": 19651,
                                    "self": 0.9054386001207604,
                                    "children": {
                                        "TorchPolicy.evaluate": {
                                            "total": 68.05273329991542,
                                            "count": 19651,
                                            "self": 68.05273329991542
                                        }
                                    }
                                },
                                "workers": {
                                    "total": 0.19413129987515276,
                                    "count": 19650,
                                    "self": 0.0,
                                    "children": {
                                        "worker_root": {
                                            "total": 707.757137200042,
                                            "count": 19650,
                                            "is_parallel": true,
                                            "self": 664.4838635999877,
                                            "children": {
                                                "steps_from_proto": {
                                                    "total": 0.0003820000001724111,
                                                    "count": 1,
                                                    "is_parallel": true,