{
    "name": "root",
    "gauges": {
        "CarBehavior.Policy.Entropy.mean": {
            "value": 2.241271734237671,
            "min": 2.241271734237671,
            "max": 2.241271734237671,
            "count": 1
        },
        "CarBehavior.Policy.Entropy.sum": {
            "value": 23152.337890625,
            "min": 23152.337890625,
            "max": 23152.337890625,
            "count": 1
        },
        "CarBehavior.Environment.EpisodeLength.mean": {
            "value": 90.39795918367346,
            "min": 90.39795918367346,
            "max": 90.39795918367346,
            "count": 1
        },
        "CarBehavior.Environment.EpisodeLength.sum": {
            "value": 8859.0,
            "min": 8859.0,
            "max": 8859.0,
            "count": 1
        },
        "CarBehavior.Step.mean": {
            "value": 9981.0,
            "min": 9981.0,
            "max": 9981.0,
            "count": 1
        },
        "CarBehavior.Step.sum": {
            "value": 9981.0,
            "min": 9981.0,
            "max": 9981.0,
            "count": 1
        },
        "CarBehavior.Policy.ExtrinsicValueEstimate.mean": {
            "value": -0.3767314553260803,
            "min": -0.3767314553260803,
            "max": -0.3767314553260803,
            "count": 1
        },
        "CarBehavior.Policy.ExtrinsicValueEstimate.sum": {
            "value": -77.22994995117188,
            "min": -77.22994995117188,
            "max": -77.22994995117188,
            "count": 1
        },
        "CarBehavior.Environment.CumulativeReward.mean": {
            "value": -0.46938775510204084,
            "min": -0.46938775510204084,
            "max": -0.46938775510204084,
            "count": 1
        },
        "CarBehavior.Environment.CumulativeReward.sum": {
            "value": -46.0,
            "min": -46.0,
            "max": -46.0,
            "count": 1
        },
        "CarBehavior.Policy.ExtrinsicReward.mean": {
            "value": -0.46938775510204084,
            "min": -0.46938775510204084,
            "max": -0.46938775510204084,
            "count": 1
        },
        "CarBehavior.Policy.ExtrinsicReward.sum": {
            "value": -46.0,
            "min": -46.0,
            "max": -46.0,
            "count": 1
        },
        "CarBehavior.Losses.PolicyLoss.mean": {
            "value": 0.24477987198593965,
            "min": 0.24477987198593965,
            "max": 0.24477987198593965,
            "count": 1
        },
        "CarBehavior.Losses.PolicyLoss.sum": {
            "value": 17.624150782987655,
            "min": 17.624150782987655,
            "max": 17.624150782987655,
            "count": 1
        },
        "CarBehavior.Losses.ValueLoss.mean": {
            "value": 0.03836225755414377,
            "min": 0.03836225755414377,
            "max": 0.03836225755414377,
            "count": 1
        },
        "CarBehavior.Losses.ValueLoss.sum": {
            "value": 2.7620825438983516,
            "min": 2.7620825438983516,
            "max": 2.7620825438983516,
            "count": 1
        },
        "CarBehavior.Policy.LearningRate.mean": {
            "value": 0.0002968619593793472,
            "min": 0.0002968619593793472,
            "max": 0.0002968619593793472,
            "count": 1
        },
        "CarBehavior.Policy.LearningRate.sum": {
            "value": 0.021374061075313,
            "min": 0.021374061075313,
            "max": 0.021374061075313,
            "count": 1
        },
        "CarBehavior.Policy.Epsilon.mean": {
            "value": 0.19895398611111112,
            "min": 0.19895398611111112,
            "max": 0.19895398611111112,
            "count": 1
        },
        "CarBehavior.Policy.Epsilon.sum": {
            "value": 14.324687,
            "min": 14.324687,
            "max": 14.324687,
            "count": 1
        },
        "CarBehavior.Policy.Beta.mean": {
            "value": 0.0005,
            "min": 0.0005,
            "max": 0.0005,
            "count": 1
        },
        "CarBehavior.Policy.Beta.sum": {
            "value": 0.036000000000000004,
            "min": 0.036000000000000004,
            "max": 0.036000000000000004,
            "count": 1
        },
        "CarBehavior.IsTraining.mean": {
            "value": 1.0,
            "min": 1.0,
            "max": 1.0,
            "count": 1
        },
        "CarBehavior.IsTraining.sum": {
            "value": 1.0,
            "min": 1.0,
            "max": 1.0,
            "count": 1
        }
    },
    "metadata": {
        "timer_format_version": "0.1.0",
        "start_time_seconds": "1707757109",
        "python_version": "3.10.11 | packaged by Anaconda, Inc. | (main, May 16 2023, 00:55:32) [MSC v.1916 64 bit (AMD64)]",
        "command_line_arguments": "C:\\Users\\ciro_\\anaconda3\\envs\\mlagents\\Scripts\\mlagents-learn config\\moveToGoal.yaml --initialize-from=testConfig --run-id=testConfig2 --time-scale=3",
        "mlagents_version": "1.0.0",
        "mlagents_envs_version": "1.0.0",
        "communication_protocol_version": "1.5.0",
        "pytorch_version": "1.13.1+cu117",
        "numpy_version": "1.23.1",
        "end_time_seconds": "1707757258"
    },
    "total": 149.13737299999957,
    "count": 1,
    "self": 0.00906599999871105,
    "children": {
        "run_training.setup": {
            "total": 0.09062830000038957,
            "count": 1,
            "self": 0.09062830000038957
        },
        "TrainerController.start_learning": {
            "total": 149.03767870000047,
            "count": 1,
            "self": 0.026736399973742664,
            "children": {
                "TrainerController._reset_env": {
                    "total": 8.388469299999997,
                    "count": 1,
                    "self": 8.388469299999997
                },
                "TrainerController.advance": {
                    "total": 140.50032310002643,
                    "count": 1366,
                    "self": 0.026078900089487433,
                    "children": {
                        "env_step": {
                            "total": 76.33048969995252,
                            "count": 1366,
                            "self": 70.9894696999927,
                            "children": {
                                "SubprocessEnvManager._take_step": {
                                    "total": 5.325085999984367,
                                    "count": 1366,
                                    "self": 0.07147189991519554,
                                    "children": {
                                        "TorchPolicy.evaluate": {
                                            "total": 5.253614100069171,
                                            "count": 1366,
                                            "self": 5.253614100069171
                                        }
                                    }
                                },
                                "workers": {
                                    "total": 0.0159339999754593,
                                    "count": 1365,
                                    "self": 0.0,
                                    "children": {
                                        "worker_root": {
                                            "total": 78.43571389996032,
                                            "count": 1365,
                                            "is_parallel": true,
                                            "self": 71.57738219993917,
                                            "children": {
                                                "steps_from_proto": {
                                                    "total": 0.0004506999994191574,
                                                    "count": 1,
                                                    "is_parallel": true,
                                                    "self": 0.00019689999862748664,